HIERARCHY
ROOT Hips
{
  OFFSET 0.000000 98.000000 0.000000
  CHANNELS 6 Xposition Yposition Zposition Zrotation Xrotation Yrotation
  JOINT Spine
  {
    OFFSET 0.000000 12.000000 0.000000
    CHANNELS 3 Zrotation Xrotation Yrotation
    JOINT Chest
    {
      OFFSET 0.000000 15.000000 0.000000
      CHANNELS 3 Zrotation Xrotation Yrotation
      JOINT Neck
      {
        OFFSET 0.000000 13.000000 0.000000
        CHANNELS 3 Zrotation Xrotation Yrotation
        JOINT Head
        {
          OFFSET 0.000000 9.000000 0.000000
          CHANNELS 3 Zrotation Xrotation Yrotation
          End Site
          {
            OFFSET 0.000000 8.000000 0.000000
          }
        }
      }
      JOINT LeftShoulder
      {
        OFFSET 6.000000 11.000000 0.000000
        CHANNELS 3 Zrotation Xrotation Yrotation
        JOINT LeftArm
        {
          OFFSET 12.000000 0.000000 0.000000
          CHANNELS 3 Zrotation Xrotation Yrotation
          JOINT LeftForeArm
          {
            OFFSET 14.000000 0.000000 0.000000
            CHANNELS 3 Zrotation Xrotation Yrotation
            JOINT LeftHand
            {
              OFFSET 11.000000 0.000000 0.000000
              CHANNELS 3 Zrotation Xrotation Yrotation
              End Site
              {
                OFFSET 5.000000 0.000000 0.000000
              }
            }
          }
        }
      }
      JOINT RightShoulder
      {
        OFFSET -6.000000 11.000000 0.000000
        CHANNELS 3 Zrotation Xrotation Yrotation
        JOINT RightArm
        {
          OFFSET -12.000000 0.000000 0.000000
          CHANNELS 3 Zrotation Xrotation Yrotation
          JOINT RightForeArm
          {
            OFFSET -14.000000 0.000000 0.000000
            CHANNELS 3 Zrotation Xrotation Yrotation
            JOINT RightHand
            {
              OFFSET -11.000000 0.000000 0.000000
              CHANNELS 3 Zrotation Xrotation Yrotation
              End Site
              {
                OFFSET -5.000000 0.000000 0.000000
              }
            }
          }
        }
      }
    }
  }
  JOINT LeftUpLeg
  {
    OFFSET 7.000000 -9.000000 0.000000
    CHANNELS 3 Zrotation Xrotation Yrotation
    JOINT LeftLeg
    {
      OFFSET 0.000000 -36.000000 0.000000
      CHANNELS 3 Zrotation Xrotation Yrotation
      JOINT LeftFoot
      {
        OFFSET 0.000000 -35.000000 2.000000
        CHANNELS 3 Zrotation Xrotation Yrotation
        JOINT LeftToe
        {
          OFFSET 0.000000 -5.000000 13.000000
          CHANNELS 3 Zrotation Xrotation Yrotation
          End Site
          {
            OFFSET 0.000000 0.000000 7.000000
          }
        }
      }
    }
  }
  JOINT RightUpLeg
  {
    OFFSET -7.000000 -9.000000 0.000000
    CHANNELS 3 Zrotation Xrotation Yrotation
    JOINT RightLeg
    {
      OFFSET 0.000000 -36.000000 0.000000
      CHANNELS 3 Zrotation Xrotation Yrotation
      JOINT RightFoot
      {
        OFFSET 0.000000 -35.000000 2.000000
        CHANNELS 3 Zrotation Xrotation Yrotation
        JOINT RightToe
        {
          OFFSET 0.000000 -5.000000 13.000000
          CHANNELS 3 Zrotation Xrotation Yrotation
          End Site
          {
            OFFSET 0.000000 0.000000 7.000000
          }
        }
      }
    }
  }
}

MOTION
Frames: 240
Frame Time: 0.0333333
0.000000 0.000000 0.000000 0.000000 0.000000 0.000000 0.000000 0.000000 0.000000 -0.000000 0.000000 -0.000000 0.000000 -0.000000 0.000000 -0.000000 0.000000 -0.000000 8.000000 0.000000 -12.000000 28.000000 0.000000 0.000000 -18.000000 0.000000 0.000000 0.000000 0.000000 0.000000 -8.000000 0.000000 12.000000 -28.000000 0.000000 -0.000000 18.000000 0.000000 0.000000 -0.000000 0.000000 -0.000000 0.000000 0.000000 -0.000000 0.000000 8.000000 0.000000 0.000000 -10.000000 0.000000 0.000000 0.000000 0.000000 0.000000 0.000000 0.000000 0.000000 8.000000 0.000000 0.000000 -10.000000 0.000000 0.000000 0.000000 0.000000
0.471185 0.519779 0.458136 0.418114 0.415823 0.471185 0.522642 0.001003 0.418688 -0.418114 0.000717 -0.628031 0.104672 -0.000717 0.209416 -0.313585 0.157008 -0.164915 8.000000 0.000000 -12.000000 28.002580 4.390195 0.418688 -22.390195 1.045285 0.000000 1.663294 0.418114 0.001720 -8.000000 0.000000 12.000000 -28.002580 -4.390195 -0.418688 18.000000 -1.045285 0.000000 -1.663294 -0.418114 -0.001720 0.209057 3.344911 -2.355925 0.000000 8.000000 0.000000 0.000000 -12.090569 0.209057 0.000000 0.836228 0.000000 -0.209057 -3.344911 2.355925 0.000000 13.017366 0.000000 0.000000 -10.000000 -0.209057 0.000000 0.000000 0.000000
0.942047 1.016842 0.916193 0.831647 0.813473 0.942047 1.039558 0.007995 0.836228 -0.831647 0.005710 -1.254342 0.209057 -0.005710 0.418688 -0.623735 0.313585 -0.329717 8.000000 0.000000 -12.000000 28.020558 8.732291 0.836228 -26.732291 2.079117 0.000000 3.253893 0.831647 0.013705 -8.000000 0.000000 12.000000 -28.020558 -8.732291 -0.836228 18.000000 -2.079117 0.000000 -3.253893 -0.831647 -0.013705 0.415823 6.653174 -4.710236 0.000000 8.000000 0.000000 0.000000 -14.158234 0.415823 0.000000 1.663294 0.000000 -0.415823 -6.653174 4.710236 0.000000 17.979761 0.000000 0.000000 -10.000000 -0.415823 0.000000 0.000000 0.000000
1.412264 1.469463 1.374094 1.236068 1.175571 1.412264 1.545085 0.026798 1.251476 -1.236068 0.019141 -1.877214 0.312869 -0.019141 0.627673 -0.927051 0.469303 -0.494292 8.000000 0.000000 -12.000000 28.068908 12.978714 1.251476 -30.978714 3.090170 0.000000 4.702282 1.236068 0.045939 -8.000000 0.000000 12.000000 -28.068908 -12.978714 -1.251476 18.000000 -3.090170 0.000000 -4.702282 -1.236068 -0.045939 0.618034 9.888544 -7.061319 0.000000 8.000000 0.000000 0.000000 -16.180340 0.618034 0.000000 2.472136 0.000000 -0.618034 -9.888544 7.061319 0.000000 22.832816 0.000000 0.000000 -10.000000 -0.618034 0.000000 0.000000 0.000000
1.881512 1.857862 1.831758 1.626947 1.486290 1.881512 2.033683 0.062912 1.663294 -1.626947 0.044937 -2.494940 0.415823 -0.044937 0.836228 -1.220210 0.623735 -0.658529 8.000000 0.000000 -12.000000 28.161774 17.082939 1.663294 -35.082939 4.067366 0.000000 5.945159 1.626947 0.107849 -8.000000 0.000000 12.000000 -28.161774 -17.082939 -1.663294 18.000000 -4.067366 0.000000 -5.945159 -1.626947 -0.107849 0.813473 13.015573 -9.407562 0.000000 8.000000 0.000000 0.000000 -18.134733 0.813473 0.000000 3.253893 0.000000 -0.813473 -13.015573 9.407562 0.000000 27.523359 0.000000 0.000000 -10.000000 -0.813473 0.000000 0.000000 0.000000
2.349471 2.165064 2.289110 2.000000 1.732051 2.349471 2.500000 0.121363 2.070552 -2.000000 0.086688 -3.105829 0.517638 -0.086688 1.044210 -1.500000 0.776457 -0.822315 8.000000 0.000000 -12.000000 28.312077 21.000000 2.070552 -39.000000 5.000000 0.000000 6.928203 2.000000 0.208051 -8.000000 0.000000 12.000000 -28.312077 -21.000000 -2.070552 18.000000 -5.000000 0.000000 -6.928203 -2.000000 -0.208051 1.000000 16.000000 -11.747357 0.000000 8.000000 0.000000 0.000000 -20.000000 1.000000 0.000000 4.000000 0.000000 -1.000000 -16.000000 11.747357 0.000000 32.000000 0.000000 0.000000 -10.000000 -1.000000 0.000000 0.000000 0.000000
2.815820 2.377641 2.746068 2.351141 1.902113 2.815820 2.938926 0.206559 2.472136 -2.351141 0.147542 -3.708204 0.618034 -0.147542 1.251476 -1.763356 0.927051 -0.985537 8.000000 0.000000 -12.000000 28.531153 24.686981 2.472136 -42.686981 5.877853 0.000000 7.608452 2.351141 0.354102 -8.000000 0.000000 12.000000 -28.531153 -24.686981 -2.472136 18.000000 -5.877853 0.000000 -7.608452 -2.351141 -0.354102 1.175571 18.809128 -14.079102 0.000000 8.000000 0.000000 0.000000 -21.755705 1.175571 0.000000 4.702282 0.000000 -1.175571 -18.809128 14.079102 0.000000 36.213692 0.000000 0.000000 -10.000000 -1.175571 0.000000 0.000000 0.000000
3.280239 2.486305 3.202557 2.676522 1.989044 3.280239 3.345653 0.322170 2.866944 -2.676522 0.230122 -4.300415 0.716736 -0.230122 1.457884 -2.007392 1.075104 -1.148084 8.000000 0.000000 -12.000000 28.828438 28.103485 2.866944 -46.103485 6.691306 0.000000 7.956175 2.676522 0.552292 -8.000000 0.000000 12.000000 -28.828438 -28.103485 -2.866944 18.000000 -6.691306 0.000000 -7.956175 -2.676522 -0.552292 1.338261 21.412179 -16.401197 0.000000 8.000000 0.000000 0.000000 -23.382612 1.338261 0.000000 5.353045 0.000000 -1.338261 -21.412179 16.401197 0.000000 40.118269 0.000000 0.000000 -10.000000 -1.338261 0.000000 0.000000 0.000000
3.742410 2.486305 3.658496 2.972579 1.989044 3.742410 3.715724 0.471018 3.253893 -2.972579 0.336442 -4.880840 0.813473 -0.336442 1.663294 -2.229434 1.220210 -1.309844 8.000000 0.000000 -12.000000 29.211190 31.212083 3.253893 -49.212083 7.431448 0.000000 7.956175 2.972579 0.807460 -8.000000 0.000000 12.000000 -29.211190 -31.212083 -3.253893 18.000000 -7.431448 0.000000 -7.956175 -2.972579 -0.807460 1.486290 23.780634 -18.712052 0.000000 8.000000 0.000000 0.000000 -24.862897 1.486290 0.000000 5.945159 0.000000 -1.486290 -23.780634 18.712052 0.000000 43.670952 0.000000 0.000000 -10.000000 -1.486290 0.000000 0.000000 0.000000
4.202017 2.377641 4.113809 3.236068 1.902113 4.202017 4.045085 0.654996 3.631924 -3.236068 0.467854 -5.447886 0.907981 -0.467854 1.867563 -2.427051 1.361971 -1.470706 8.000000 0.000000 -12.000000 29.684274 33.978714 3.631924 -51.978714 8.090170 0.000000 7.608452 3.236068 1.122849 -8.000000 0.000000 12.000000 -29.684274 -33.978714 -3.631924 18.000000 -8.090170 0.000000 -7.608452 -3.236068 -1.122849 1.618034 25.888544 -21.010083 0.000000 8.000000 0.000000 0.000000 -26.180340 1.618034 0.000000 6.472136 0.000000 -1.618034 -25.888544 21.010083 0.000000 46.832816 0.000000 0.000000 -10.000000 -1.618034 0.000000 0.000000 0.000000
4.658743 2.165064 4.568417 3.464102 1.732051 4.658743 4.330127 0.875000 4.000000 -3.464102 0.625000 -6.000000 1.000000 -0.625000 2.070552 -2.598076 1.500000 -1.630560 8.000000 0.000000 -12.000000 30.250000 36.373067 4.000000 -54.373067 8.660254 0.000000 6.928203 3.464102 1.500000 -8.000000 0.000000 12.000000 -30.250000 -36.373067 -4.000000 18.000000 -8.660254 0.000000 -6.928203 -3.464102 -1.500000 1.732051 27.712813 -23.293714 0.000000 8.000000 0.000000 0.000000 -27.320508 1.732051 0.000000 6.928203 0.000000 -1.732051 -27.712813 23.293714 0.000000 49.569219 0.000000 0.000000 -10.000000 -1.732051 0.000000 0.000000 0.000000
5.112276 1.857862 5.022242 3.654182 1.486290 5.112276 4.567727 1.130900 4.357112 -3.654182 0.807786 -6.535668 1.089278 -0.807786 2.272123 -2.740636 1.633917 -1.789297 8.000000 0.000000 -12.000000 30.908029 38.368909 4.357112 -56.368909 9.135455 0.000000 5.945159 3.654182 1.938686 -8.000000 0.000000 12.000000 -30.908029 -38.368909 -4.357112 18.000000 -9.135455 0.000000 -5.945159 -3.654182 -1.938686 1.827091 29.233455 -25.561381 0.000000 8.000000 0.000000 0.000000 -28.270909 1.827091 0.000000 7.308364 0.000000 -1.827091 -29.233455 25.561381 0.000000 51.850182 0.000000 0.000000 -10.000000 -1.827091 0.000000 0.000000 0.000000
5.562306 1.469463 5.475206 3.804226 1.175571 5.562306 4.755283 1.421524 4.702282 -3.804226 1.015374 -7.053423 1.175571 -1.015374 2.472136 -2.853170 1.763356 -1.946807 8.000000 0.000000 -12.000000 31.655347 39.944374 4.702282 -57.944374 9.510565 0.000000 4.702282 3.804226 2.436898 -8.000000 0.000000 12.000000 -31.655347 -39.944374 -4.702282 18.000000 -9.510565 0.000000 -4.702282 -3.804226 -2.436898 1.902113 30.433809 -27.811529 0.000000 8.000000 0.000000 0.000000 -29.021130 1.902113 0.000000 7.608452 0.000000 -1.902113 -30.433809 27.811529 0.000000 53.650713 0.000000 0.000000 -10.000000 -1.902113 0.000000 0.000000 0.000000
6.008523 1.016842 5.927233 3.912590 0.813473 6.008523 4.890738 1.744671 5.034563 -3.912590 1.246193 -7.551845 1.258641 -1.246193 2.670455 -2.934443 1.887961 -2.102983 8.000000 0.000000 -12.000000 32.486296 41.082199 5.034563 -59.082199 9.781476 0.000000 3.253893 3.912590 2.990864 -8.000000 0.000000 12.000000 -32.486296 -41.082199 -5.034563 18.000000 -9.781476 0.000000 -3.253893 -3.912590 -2.990864 1.956295 31.300723 -30.042617 0.000000 8.000000 0.000000 0.000000 -29.562952 1.956295 0.000000 7.825181 0.000000 -1.956295 -31.300723 30.042617 0.000000 54.951085 0.000000 0.000000 -10.000000 -1.956295 0.000000 0.000000 0.000000
6.450623 0.519779 6.378243 3.978088 0.415823 6.450623 4.972609 2.097156 5.353045 -3.978088 1.497969 -8.029567 1.338261 -1.497969 2.866944 -2.983566 2.007392 -2.257718 8.000000 0.000000 -12.000000 33.392687 41.769920 5.353045 -59.769920 9.945219 0.000000 1.663294 3.978088 3.595124 -8.000000 0.000000 12.000000 -33.392687 -41.769920 -5.353045 18.000000 -9.945219 0.000000 -1.663294 -3.978088 -3.595124 1.989044 31.824701 -32.253115 0.000000 8.000000 0.000000 0.000000 -29.890438 1.989044 0.000000 7.956175 0.000000 -1.989044 -31.824701 32.253115 0.000000 55.737051 0.000000 0.000000 -10.000000 -1.989044 0.000000 0.000000 0.000000
6.888302 0.000000 6.828161 4.000000 0.000000 6.888302 5.000000 2.474874 5.656854 -4.000000 1.767767 -8.485281 1.414214 -1.767767 3.061467 -3.000000 2.121320 -2.410906 8.000000 0.000000 -12.000000 34.363961 42.000000 5.656854 -60.000000 10.000000 0.000000 0.000000 4.000000 4.242641 -8.000000 0.000000 12.000000 -34.363961 -42.000000 -5.656854 18.000000 -10.000000 0.000000 -0.000000 -4.000000 -4.242641 2.000000 32.000000 -34.441509 0.000000 8.000000 0.000000 0.000000 -30.000000 2.000000 0.000000 8.000000 0.000000 -2.000000 -32.000000 34.441509 0.000000 56.000000 0.000000 0.000000 -10.000000 -2.000000 0.000000 0.000000 0.000000
7.321260 0.519779 7.276909 3.978088 -0.415823 7.321260 4.972609 2.872886 5.945159 -3.978088 2.052062 -8.917738 1.486290 -2.052062 3.253893 -2.983566 2.229434 -2.562441 8.000000 0.000000 -12.000000 35.387422 41.769920 5.945159 -59.769920 9.945219 0.000000 -1.663294 3.978088 4.924948 -8.000000 0.000000 12.000000 -35.387422 -41.769920 -5.945159 18.000000 -9.945219 0.000000 1.663294 -3.978088 -4.924948 1.989044 31.824701 -36.606298 0.000000 8.000000 0.000000 0.000000 -29.890438 1.989044 0.000000 7.956175 0.000000 -1.989044 -31.824701 36.606298 0.000000 55.737051 0.000000 0.000000 -10.000000 -1.989044 0.000000 0.000000 0.000000
7.749200 1.016842 7.724410 3.912590 -0.813473 7.749200 4.890738 3.285533 6.217168 -3.912590 2.346809 -9.325752 1.554292 -2.346809 3.444089 -2.934443 2.331438 -2.712220 8.000000 0.000000 -12.000000 36.448513 41.082199 6.217168 -59.082199 9.781476 0.000000 -3.253893 3.912590 5.632342 -8.000000 0.000000 12.000000 -36.448513 -41.082199 -6.217168 18.000000 -9.781476 0.000000 3.253893 -3.912590 -5.632342 1.956295 31.300723 -38.745999 0.000000 8.000000 0.000000 0.000000 -29.562952 1.956295 0.000000 7.825181 0.000000 -1.956295 -31.300723 38.745999 0.000000 54.951085 0.000000 0.000000 -10.000000 -1.956295 0.000000 0.000000 0.000000
8.171829 1.469463 8.170588 3.804226 -1.175571 8.171829 4.755283 3.706559 6.472136 -3.804226 2.647542 -9.708204 1.618034 -2.647542 3.631924 -2.853170 2.427051 -2.860140 8.000000 0.000000 -12.000000 37.531153 39.944374 6.472136 -57.944374 9.510565 0.000000 -4.702282 3.804226 6.354102 -8.000000 0.000000 12.000000 -37.531153 -39.944374 -6.472136 18.000000 -9.510565 0.000000 4.702282 -3.804226 -6.354102 1.902113 30.433809 -40.859145 0.000000 8.000000 0.000000 0.000000 -29.021130 1.902113 0.000000 7.608452 0.000000 -1.902113 -30.433809 40.859145 0.000000 53.650713 0.000000 0.000000 -10.000000 -1.902113 0.000000 0.000000 0.000000
8.588858 1.857862 8.615365 3.654182 -1.486290 8.588858 4.567727 4.129260 6.709365 -3.654182 2.949472 -10.064047 1.677341 -2.949472 3.817270 -2.740636 2.516012 -3.006100 8.000000 0.000000 -12.000000 38.618098 38.368909 6.709365 -56.368909 9.135455 0.000000 -5.945159 3.654182 7.078732 -8.000000 0.000000 12.000000 -38.618098 -38.368909 -6.709365 18.000000 -9.135455 0.000000 5.945159 -3.654182 -7.078732 1.827091 29.233455 -42.944288 0.000000 8.000000 0.000000 0.000000 -28.270909 1.827091 0.000000 7.308364 0.000000 -1.827091 -29.233455 42.944288 0.000000 51.850182 0.000000 0.000000 -10.000000 -1.827091 0.000000 0.000000 0.000000
9.000000 2.165064 9.058667 3.464102 -1.732051 9.000000 4.330127 4.546633 6.928203 -3.464102 3.247595 -10.392305 1.732051 -3.247595 4.000000 -2.598076 2.598076 -3.150000 8.000000 0.000000 -12.000000 39.691343 36.373067 6.928203 -54.373067 8.660254 0.000000 -6.928203 3.464102 7.794229 -8.000000 0.000000 12.000000 -39.691343 -36.373067 -6.928203 18.000000 -8.660254 0.000000 6.928203 -3.464102 -7.794229 1.732051 27.712813 -45.000000 0.000000 8.000000 0.000000 0.000000 -27.320508 1.732051 0.000000 6.928203 0.000000 -1.732051 -27.712813 45.000000 0.000000 49.569219 0.000000 0.000000 -10.000000 -1.732051 0.000000 0.000000 0.000000
9.404974 2.377641 9.500416 3.236068 -1.902113 9.404974 4.045085 4.951545 7.128052 -3.236068 3.536818 -10.692078 1.782013 -3.536818 4.179989 -2.427051 2.673020 -3.291741 8.000000 0.000000 -12.000000 40.732543 33.978714 7.128052 -51.978714 8.090170 0.000000 -7.608452 3.236068 8.488362 -8.000000 0.000000 12.000000 -40.732543 -33.978714 -7.128052 18.000000 -8.090170 0.000000 7.608452 -3.236068 -8.488362 1.618034 25.888544 -47.024871 0.000000 8.000000 0.000000 0.000000 -26.180340 1.618034 0.000000 6.472136 0.000000 -1.618034 -25.888544 47.024871 0.000000 46.832816 0.000000 0.000000 -10.000000 -1.618034 0.000000 0.000000 0.000000
9.803503 2.486305 9.940537 2.972579 -1.989044 9.803503 3.715724 5.336893 7.308364 -2.972579 3.812067 -10.962545 1.827091 -3.812067 4.357112 -2.229434 2.740636 -3.431226 8.000000 0.000000 -12.000000 41.723440 31.212083 7.308364 -49.212083 7.431448 0.000000 -7.956175 2.972579 9.148960 -8.000000 0.000000 12.000000 -41.723440 -31.212083 -7.308364 18.000000 -7.431448 0.000000 7.956175 -2.972579 -9.148960 1.486290 23.780634 -49.017513 0.000000 8.000000 0.000000 0.000000 -24.862897 1.486290 0.000000 5.945159 0.000000 -1.486290 -23.780634 49.017513 0.000000 43.670952 0.000000 0.000000 -10.000000 -1.486290 0.000000 0.000000 0.000000
10.195312 2.486305 10.378955 2.676522 -1.989044 10.195312 3.345653 5.695781 7.468643 -2.676522 4.068415 -11.202965 1.867161 -4.068415 4.531250 -2.007392 2.800741 -3.568359 8.000000 0.000000 -12.000000 42.646293 28.103485 7.468643 -46.103485 6.691306 0.000000 -7.956175 2.676522 9.764195 -8.000000 0.000000 12.000000 -42.646293 -28.103485 -7.468643 18.000000 -6.691306 0.000000 7.956175 -2.676522 -9.764195 1.338261 21.412179 -50.976561 0.000000 8.000000 0.000000 0.000000 -23.382612 1.338261 0.000000 5.353045 0.000000 -1.338261 -21.412179 50.976561 0.000000 40.118269 0.000000 0.000000 -10.000000 -1.338261 0.000000 0.000000 0.000000
10.580135 2.377641 10.815595 2.351141 -1.902113 10.580135 2.938926 6.021671 7.608452 -2.351141 4.301194 -11.412678 1.902113 -4.301194 4.702282 -1.763356 2.853170 -3.703047 8.000000 0.000000 -12.000000 43.484297 24.686981 7.608452 -42.686981 5.877853 0.000000 -7.608452 2.351141 10.322864 -8.000000 0.000000 12.000000 -43.484297 -24.686981 -7.608452 18.000000 -5.877853 0.000000 7.608452 -2.351141 -10.322864 1.175571 18.809128 -52.900673 0.000000 8.000000 0.000000 0.000000 -21.755705 1.175571 0.000000 4.702282 0.000000 -1.175571 -18.809128 52.900673 0.000000 36.213692 0.000000 0.000000 -10.000000 -1.175571 0.000000 0.000000 0.000000
10.957706 2.165064 11.250381 2.000000 -1.732051 10.957706 2.500000 6.308547 7.727407 -2.000000 4.506105 -11.591110 1.931852 -4.506105 4.870091 -1.500000 2.897777 -3.835197 8.000000 0.000000 -12.000000 44.221979 21.000000 7.727407 -39.000000 5.000000 0.000000 -6.928203 2.000000 10.814653 -8.000000 0.000000 12.000000 -44.221979 -21.000000 -7.727407 18.000000 -5.000000 0.000000 6.928203 -2.000000 -10.814653 1.000000 16.000000 -54.788529 0.000000 8.000000 0.000000 0.000000 -20.000000 1.000000 0.000000 4.000000 0.000000 -1.000000 -16.000000 54.788529 0.000000 32.000000 0.000000 0.000000 -10.000000 -1.000000 0.000000 0.000000 0.000000
11.327767 1.857862 11.683240 1.626947 -1.486290 11.327767 2.033683 6.551055 7.825181 -1.626947 4.679325 -11.737771 1.956295 -4.679325 5.034563 -1.220210 2.934443 -3.964718 8.000000 0.000000 -12.000000 44.845569 17.082939 7.825181 -35.082939 4.067366 0.000000 -5.945159 1.626947 11.230379 -8.000000 0.000000 12.000000 -44.845569 -17.082939 -7.825181 18.000000 -4.067366 0.000000 5.945159 -1.626947 -11.230379 0.813473 13.015573 -56.638835 0.000000 8.000000 0.000000 0.000000 -18.134733 0.813473 0.000000 3.253893 0.000000 -0.813473 -13.015573 56.638835 0.000000 27.523359 0.000000 0.000000 -10.000000 -0.813473 0.000000 0.000000 0.000000
11.690065 1.469463 12.114097 1.236068 -1.175571 11.690065 1.545085 6.744625 7.901507 -1.236068 4.817589 -11.852260 1.975377 -4.817589 5.195584 -0.927051 2.963065 -4.091523 8.000000 0.000000 -12.000000 45.343322 12.978714 7.901507 -30.978714 3.090170 0.000000 -4.702282 1.236068 11.562215 -8.000000 0.000000 12.000000 -45.343322 -12.978714 -7.901507 18.000000 -3.090170 0.000000 4.702282 -1.236068 -11.562215 0.618034 9.888544 -58.450324 0.000000 8.000000 0.000000 0.000000 -16.180340 0.618034 0.000000 2.472136 0.000000 -0.618034 -9.888544 58.450324 0.000000 22.832816 0.000000 0.000000 -10.000000 -0.618034 0.000000 0.000000 0.000000
12.044351 1.016842 12.542878 0.831647 -0.813473 12.044351 1.039558 6.885589 7.956175 -0.831647 4.918278 -11.934263 1.989044 -4.918278 5.353045 -0.623735 2.983566 -4.215523 8.000000 0.000000 -12.000000 45.705800 8.732291 7.956175 -26.732291 2.079117 0.000000 -3.253893 0.831647 11.803867 -8.000000 0.000000 12.000000 -45.705800 -8.732291 -7.956175 18.000000 -2.079117 0.000000 3.253893 -0.831647 -11.803867 0.415823 6.653174 -60.221755 0.000000 8.000000 0.000000 0.000000 -14.158234 0.415823 0.000000 1.663294 0.000000 -0.415823 -6.653174 60.221755 0.000000 17.979761 0.000000 0.000000 -10.000000 -0.415823 0.000000 0.000000 0.000000
12.390382 0.519779 12.969510 0.418114 -0.415823 12.390382 0.522642 6.971260 7.989036 -0.418114 4.979471 -11.983554 1.997259 -4.979471 5.506837 -0.313585 2.995889 -4.336634 8.000000 0.000000 -12.000000 45.926096 4.390195 7.989036 -22.390195 1.045285 0.000000 -1.663294 0.418114 11.950731 -8.000000 0.000000 12.000000 -45.926096 -4.390195 -7.989036 18.000000 -1.045285 0.000000 1.663294 -0.418114 -11.950731 0.209057 3.344911 -61.951912 0.000000 8.000000 0.000000 0.000000 -12.090569 0.209057 0.000000 0.836228 0.000000 -0.209057 -3.344911 61.951912 0.000000 13.017366 0.000000 0.000000 -10.000000 -0.209057 0.000000 0.000000 0.000000
12.727922 0.000000 13.393920 0.000000 -0.000000 12.727922 0.000000 7.000000 8.000000 -0.000000 5.000000 -12.000000 2.000000 -5.000000 5.656854 -0.000000 3.000000 -4.454773 8.000000 0.000000 -12.000000 46.000000 0.000000 8.000000 -18.000000 0.000000 0.000000 -0.000000 0.000000 12.000000 -8.000000 0.000000 12.000000 -46.000000 -0.000000 -8.000000 18.000000 -0.000000 0.000000 0.000000 -0.000000 -12.000000 0.000000 0.000000 -63.639610 0.000000 8.000000 0.000000 0.000000 -10.000000 0.000000 0.000000 0.000000 0.000000 -0.000000 -0.000000 63.639610 0.000000 8.000000 0.000000 0.000000 -10.000000 -0.000000 0.000000 0.000000 0.000000
13.056739 0.519779 13.816035 -0.418114 0.415823 13.056739 -0.522642 6.971260 7.989036 0.418114 4.979471 -11.983554 1.997259 -4.979471 5.802995 0.313585 2.995889 -4.569859 8.000000 0.000000 -12.000000 45.926096 -4.390195 7.989036 -18.000000 -1.045285 0.000000 1.663294 -0.418114 11.950731 -8.000000 0.000000 12.000000 -45.926096 4.390195 -7.989036 22.390195 1.045285 0.000000 -1.663294 0.418114 -11.950731 -0.209057 -3.344911 -65.283693 0.000000 13.017366 0.000000 0.000000 -10.000000 -0.209057 0.000000 0.000000 0.000000 0.209057 3.344911 65.283693 0.000000 8.000000 0.000000 0.000000 -12.090569 0.209057 0.000000 0.836228 0.000000
13.376607 1.016842 14.235783 -0.831647 0.813473 13.376607 -1.039558 6.885589 7.956175 0.831647 4.918278 -11.934263 1.989044 -4.918278 5.945159 0.623735 2.983566 -4.681812 8.000000 0.000000 -12.000000 45.705800 -8.732291 7.956175 -18.000000 -2.079117 0.000000 3.253893 -0.831647 11.803867 -8.000000 0.000000 12.000000 -45.705800 8.732291 -7.956175 26.732291 2.079117 0.000000 -3.253893 0.831647 -11.803867 -0.415823 -6.653174 -66.883034 0.000000 17.979761 0.000000 0.000000 -10.000000 -0.415823 0.000000 0.000000 0.000000 0.415823 6.653174 66.883034 0.000000 8.000000 0.000000 0.000000 -14.158234 0.415823 0.000000 1.663294 0.000000
13.687307 1.469463 14.653091 -1.236068 1.175571 13.687307 -1.545085 6.744625 7.901507 1.236068 4.817589 -11.852260 1.975377 -4.817589 6.083248 0.927051 2.963065 -4.790558 8.000000 0.000000 -12.000000 45.343322 -12.978714 7.901507 -18.000000 -3.090170 0.000000 4.702282 -1.236068 11.562215 -8.000000 0.000000 12.000000 -45.343322 12.978714 -7.901507 30.978714 3.090170 0.000000 -4.702282 1.236068 -11.562215 -0.618034 -9.888544 -68.436537 0.000000 22.832816 0.000000 0.000000 -10.000000 -0.618034 0.000000 0.000000 0.000000 0.618034 9.888544 68.436537 0.000000 8.000000 0.000000 0.000000 -16.180340 0.618034 0.000000 2.472136 0.000000
13.988627 1.857862 15.067888 -1.626947 1.486290 13.988627 -2.033683 6.551055 7.825181 1.626947 4.679325 -11.737771 1.956295 -4.679325 6.217168 1.220210 2.934443 -4.896020 8.000000 0.000000 -12.000000 44.845569 -17.082939 7.825181 -18.000000 -4.067366 0.000000 5.945159 -1.626947 11.230379 -8.000000 0.000000 12.000000 -44.845569 17.082939 -7.825181 35.082939 4.067366 0.000000 -5.945159 1.626947 -11.230379 -0.813473 -13.015573 -69.943137 0.000000 27.523359 0.000000 0.000000 -10.000000 -0.813473 0.000000 0.000000 0.000000 0.813473 13.015573 69.943137 0.000000 8.000000 0.000000 0.000000 -18.134733 0.813473 0.000000 3.253893 0.000000
14.280360 2.165064 15.480104 -2.000000 1.732051 14.280360 -2.500000 6.308547 7.727407 2.000000 4.506105 -11.591110 1.931852 -4.506105 6.346827 1.500000 2.897777 -4.998126 8.000000 0.000000 -12.000000 44.221979 -21.000000 7.727407 -18.000000 -5.000000 0.000000 6.928203 -2.000000 10.814653 -8.000000 0.000000 12.000000 -44.221979 21.000000 -7.727407 39.000000 5.000000 0.000000 -6.928203 2.000000 -10.814653 -1.000000 -16.000000 -71.401801 0.000000 32.000000 0.000000 0.000000 -10.000000 -1.000000 0.000000 0.000000 0.000000 1.000000 16.000000 71.401801 0.000000 8.000000 0.000000 0.000000 -20.000000 1.000000 0.000000 4.000000 0.000000
14.562306 2.377641 15.889667 -2.351141 1.902113 14.562306 -2.938926 6.021671 7.608452 2.351141 4.301194 -11.412678 1.902113 -4.301194 6.472136 1.763356 2.853170 -5.096807 8.000000 0.000000 -12.000000 43.484297 -24.686981 7.608452 -18.000000 -5.877853 0.000000 7.608452 -2.351141 10.322864 -8.000000 0.000000 12.000000 -43.484297 24.686981 -7.608452 42.686981 5.877853 0.000000 -7.608452 2.351141 -10.322864 -1.175571 -18.809128 -72.811529 0.000000 36.213692 0.000000 0.000000 -10.000000 -1.175571 0.000000 0.000000 0.000000 1.175571 18.809128 72.811529 0.000000 8.000000 0.000000 0.000000 -21.755705 1.175571 0.000000 4.702282 0.000000
14.834271 2.486305 16.296508 -2.676522 1.989044 14.834271 -3.345653 5.695781 7.468643 2.676522 4.068415 -11.202965 1.867161 -4.068415 6.593010 2.007392 2.800741 -5.191995 8.000000 0.000000 -12.000000 42.646293 -28.103485 7.468643 -18.000000 -6.691306 0.000000 7.956175 -2.676522 9.764195 -8.000000 0.000000 12.000000 -42.646293 28.103485 -7.468643 46.103485 6.691306 0.000000 -7.956175 2.676522 -9.764195 -1.338261 -21.412179 -74.171357 0.000000 40.118269 0.000000 0.000000 -10.000000 -1.338261 0.000000 0.000000 0.000000 1.338261 21.412179 74.171357 0.000000 8.000000 0.000000 0.000000 -23.382612 1.338261 0.000000 5.353045 0.000000
15.096070 2.486305 16.700557 -2.972579 1.989044 15.096070 -3.715724 5.336893 7.308364 2.972579 3.812067 -10.962545 1.827091 -3.812067 6.709365 2.229434 2.740636 -5.283625 8.000000 0.000000 -12.000000 41.723440 -31.212083 7.308364 -18.000000 -7.431448 0.000000 7.956175 -2.972579 9.148960 -8.000000 0.000000 12.000000 -41.723440 31.212083 -7.308364 49.212083 7.431448 0.000000 -7.956175 2.972579 -9.148960 -1.486290 -23.780634 -75.480351 0.000000 43.670952 0.000000 0.000000 -10.000000 -1.486290 0.000000 0.000000 0.000000 1.486290 23.780634 75.480351 0.000000 8.000000 0.000000 0.000000 -24.862897 1.486290 0.000000 5.945159 0.000000
15.347523 2.377641 17.101743 -3.236068 1.902113 15.347523 -4.045085 4.951545 7.128052 3.236068 3.536818 -10.692078 1.782013 -3.536818 6.821121 2.427051 2.673020 -5.371633 8.000000 0.000000 -12.000000 40.732543 -33.978714 7.128052 -18.000000 -8.090170 0.000000 7.608452 -3.236068 8.488362 -8.000000 0.000000 12.000000 -40.732543 33.978714 -7.128052 51.978714 8.090170 0.000000 -7.608452 3.236068 -8.488362 -1.618034 -25.888544 -76.737615 0.000000 46.832816 0.000000 0.000000 -10.000000 -1.618034 0.000000 0.000000 0.000000 1.618034 25.888544 76.737615 0.000000 8.000000 0.000000 0.000000 -26.180340 1.618034 0.000000 6.472136 0.000000
15.588457 2.165064 17.500000 -3.464102 1.732051 15.588457 -4.330127 4.546633 6.928203 3.464102 3.247595 -10.392305 1.732051 -3.247595 6.928203 2.598076 2.598076 -5.455960 8.000000 0.000000 -12.000000 39.691343 -36.373067 6.928203 -18.000000 -8.660254 0.000000 6.928203 -3.464102 7.794229 -8.000000 0.000000 12.000000 -39.691343 36.373067 -6.928203 54.373067 8.660254 0.000000 -6.928203 3.464102 -7.794229 -1.732051 -27.712813 -77.942286 0.000000 49.569219 0.000000 0.000000 -10.000000 -1.732051 0.000000 0.000000 0.000000 1.732051 27.712813 77.942286 0.000000 8.000000 0.000000 0.000000 -27.320508 1.732051 0.000000 6.928203 0.000000
15.818708 1.857862 17.895258 -3.654182 1.486290 15.818708 -4.567727 4.129260 6.709365 3.654182 2.949472 -10.064047 1.677341 -2.949472 7.030537 2.740636 2.516012 -5.536548 8.000000 0.000000 -12.000000 38.618098 -38.368909 6.709365 -18.000000 -9.135455 0.000000 5.945159 -3.654182 7.078732 -8.000000 0.000000 12.000000 -38.618098 38.368909 -6.709365 56.368909 9.135455 0.000000 -5.945159 3.654182 -7.078732 -1.827091 -29.233455 -79.093540 0.000000 51.850182 0.000000 0.000000 -10.000000 -1.827091 0.000000 0.000000 0.000000 1.827091 29.233455 79.093540 0.000000 8.000000 0.000000 0.000000 -28.270909 1.827091 0.000000 7.308364 0.000000
16.038117 1.469463 18.287450 -3.804226 1.175571 16.038117 -4.755283 3.706559 6.472136 3.804226 2.647542 -9.708204 1.618034 -2.647542 7.128052 2.853170 2.427051 -5.613341 8.000000 0.000000 -12.000000 37.531153 -39.944374 6.472136 -18.000000 -9.510565 0.000000 4.702282 -3.804226 6.354102 -8.000000 0.000000 12.000000 -37.531153 39.944374 -6.472136 57.944374 9.510565 0.000000 -4.702282 3.804226 -6.354102 -1.902113 -30.433809 -80.190587 0.000000 53.650713 0.000000 0.000000 -10.000000 -1.902113 0.000000 0.000000 0.000000 1.902113 30.433809 80.190587 0.000000 8.000000 0.000000 0.000000 -29.021130 1.902113 0.000000 7.608452 0.000000
16.246535 1.016842 18.676508 -3.912590 0.813473 16.246535 -4.890738 3.285533 6.217168 3.912590 2.346809 -9.325752 1.554292 -2.346809 7.220682 2.934443 2.331438 -5.686287 8.000000 0.000000 -12.000000 36.448513 -41.082199 6.217168 -18.000000 -9.781476 0.000000 3.253893 -3.912590 5.632342 -8.000000 0.000000 12.000000 -36.448513 41.082199 -6.217168 59.082199 9.781476 0.000000 -3.253893 3.912590 -5.632342 -1.956295 -31.300723 -81.232676 0.000000 54.951085 0.000000 0.000000 -10.000000 -1.956295 0.000000 0.000000 0.000000 1.956295 31.300723 81.232676 0.000000 8.000000 0.000000 0.000000 -29.562952 1.956295 0.000000 7.825181 0.000000
16.443818 0.519779 19.062366 -3.978088 0.415823 16.443818 -4.972609 2.872886 5.945159 3.978088 2.052062 -8.917738 1.486290 -2.052062 7.308364 2.983566 2.229434 -5.755336 8.000000 0.000000 -12.000000 35.387422 -41.769920 5.945159 -18.000000 -9.945219 0.000000 1.663294 -3.978088 4.924948 -8.000000 0.000000 12.000000 -35.387422 41.769920 -5.945159 59.769920 9.945219 0.000000 -1.663294 3.978088 -4.924948 -1.989044 -31.824701 -82.219091 0.000000 55.737051 0.000000 0.000000 -10.000000 -1.989044 0.000000 0.000000 0.000000 1.989044 31.824701 82.219091 0.000000 8.000000 0.000000 0.000000 -29.890438 1.989044 0.000000 7.956175 0.000000
16.629832 0.000000 19.444958 -4.000000 0.000000 16.629832 -5.000000 2.474874 5.656854 4.000000 1.767767 -8.485281 1.414214 -1.767767 7.391036 3.000000 2.121320 -5.820441 8.000000 0.000000 -12.000000 34.363961 -42.000000 5.656854 -18.000000 -10.000000 0.000000 0.000000 -4.000000 4.242641 -8.000000 0.000000 12.000000 -34.363961 42.000000 -5.656854 60.000000 10.000000 0.000000 -0.000000 4.000000 -4.242641 -2.000000 -32.000000 -83.149158 0.000000 56.000000 0.000000 0.000000 -10.000000 -2.000000 0.000000 0.000000 0.000000 2.000000 32.000000 83.149158 0.000000 8.000000 0.000000 0.000000 -30.000000 2.000000 0.000000 8.000000 0.000000
16.804448 0.519779 19.824218 -3.978088 -0.415823 16.804448 -4.972609 2.097156 5.353045 3.978088 1.497969 -8.029567 1.338261 -1.497969 7.468643 2.983566 2.007392 -5.881557 8.000000 0.000000 -12.000000 33.392687 -41.769920 5.353045 -18.000000 -9.945219 0.000000 -1.663294 -3.978088 3.595124 -8.000000 0.000000 12.000000 -33.392687 41.769920 -5.353045 59.769920 9.945219 0.000000 1.663294 3.978088 -3.595124 -1.989044 -31.824701 -84.022238 0.000000 55.737051 0.000000 0.000000 -10.000000 -1.989044 0.000000 0.000000 0.000000 1.989044 31.824701 84.022238 0.000000 8.000000 0.000000 0.000000 -29.890438 1.989044 0.000000 7.956175 0.000000
16.967547 1.016842 20.200082 -3.912590 -0.813473 16.967547 -4.890738 1.744671 5.034563 3.912590 1.246193 -7.551845 1.258641 -1.246193 7.541132 2.934443 1.887961 -5.938641 8.000000 0.000000 -12.000000 32.486296 -41.082199 5.034563 -18.000000 -9.781476 0.000000 -3.253893 -3.912590 2.990864 -8.000000 0.000000 12.000000 -32.486296 41.082199 -5.034563 59.082199 9.781476 0.000000 3.253893 3.912590 -2.990864 -1.956295 -31.300723 -84.837734 0.000000 54.951085 0.000000 0.000000 -10.000000 -1.956295 0.000000 0.000000 0.000000 1.956295 31.300723 84.837734 0.000000 8.000000 0.000000 0.000000 -29.562952 1.956295 0.000000 7.825181 0.000000
17.119017 1.469463 20.572484 -3.804226 -1.175571 17.119017 -4.755283 1.421524 4.702282 3.804226 1.015374 -7.053423 1.175571 -1.015374 7.608452 2.853170 1.763356 -5.991656 8.000000 0.000000 -12.000000 31.655347 -39.944374 4.702282 -18.000000 -9.510565 0.000000 -4.702282 -3.804226 2.436898 -8.000000 0.000000 12.000000 -31.655347 39.944374 -4.702282 57.944374 9.510565 0.000000 4.702282 3.804226 -2.436898 -1.902113 -30.433809 -85.595086 0.000000 53.650713 0.000000 0.000000 -10.000000 -1.902113 0.000000 0.000000 0.000000 1.902113 30.433809 85.595086 0.000000 8.000000 0.000000 0.000000 -29.021130 1.902113 0.000000 7.608452 0.000000
17.258755 1.857862 20.941361 -3.654182 -1.486290 17.258755 -4.567727 1.130900 4.357112 3.654182 0.807786 -6.535668 1.089278 -0.807786 7.670558 2.740636 1.633917 -6.040564 8.000000 0.000000 -12.000000 30.908029 -38.368909 4.357112 -18.000000 -9.135455 0.000000 -5.945159 -3.654182 1.938686 -8.000000 0.000000 12.000000 -30.908029 38.368909 -4.357112 56.368909 9.135455 0.000000 5.945159 3.654182 -1.938686 -1.827091 -29.233455 -86.293776 0.000000 51.850182 0.000000 0.000000 -10.000000 -1.827091 0.000000 0.000000 0.000000 1.827091 29.233455 86.293776 0.000000 8.000000 0.000000 0.000000 -28.270909 1.827091 0.000000 7.308364 0.000000
17.386665 2.165064 21.306650 -3.464102 -1.732051 17.386665 -4.330127 0.875000 4.000000 3.464102 0.625000 -6.000000 1.000000 -0.625000 7.727407 2.598076 1.500000 -6.085333 8.000000 0.000000 -12.000000 30.250000 -36.373067 4.000000 -18.000000 -8.660254 0.000000 -6.928203 -3.464102 1.500000 -8.000000 0.000000 12.000000 -30.250000 36.373067 -4.000000 54.373067 8.660254 0.000000 6.928203 3.464102 -1.500000 -1.732051 -27.712813 -86.933324 0.000000 49.569219 0.000000 0.000000 -10.000000 -1.732051 0.000000 0.000000 0.000000 1.732051 27.712813 86.933324 0.000000 8.000000 0.000000 0.000000 -27.320508 1.732051 0.000000 6.928203 0.000000
17.502659 2.377641 21.668288 -3.236068 -1.902113 17.502659 -4.045085 0.654996 3.631924 3.236068 0.467854 -5.447886 0.907981 -0.467854 7.778959 2.427051 1.361971 -6.125930 8.000000 0.000000 -12.000000 29.684274 -33.978714 3.631924 -18.000000 -8.090170 0.000000 -7.608452 -3.236068 1.122849 -8.000000 0.000000 12.000000 -29.684274 33.978714 -3.631924 51.978714 8.090170 0.000000 7.608452 3.236068 -1.122849 -1.618034 -25.888544 -87.513293 0.000000 46.832816 0.000000 0.000000 -10.000000 -1.618034 0.000000 0.000000 0.000000 1.618034 25.888544 87.513293 0.000000 8.000000 0.000000 0.000000 -26.180340 1.618034 0.000000 6.472136 0.000000
17.606657 2.486305 22.026214 -2.972579 -1.989044 17.606657 -3.715724 0.471018 3.253893 2.972579 0.336442 -4.880840 0.813473 -0.336442 7.825181 2.229434 1.220210 -6.162330 8.000000 0.000000 -12.000000 29.211190 -31.212083 3.253893 -18.000000 -7.431448 0.000000 -7.956175 -2.972579 0.807460 -8.000000 0.000000 12.000000 -29.211190 31.212083 -3.253893 49.212083 7.431448 0.000000 7.956175 2.972579 -0.807460 -1.486290 -23.780634 -88.033284 0.000000 43.670952 0.000000 0.000000 -10.000000 -1.486290 0.000000 0.000000 0.000000 1.486290 23.780634 88.033284 0.000000 8.000000 0.000000 0.000000 -24.862897 1.486290 0.000000 5.945159 0.000000
17.698588 2.486305 22.380365 -2.676522 -1.989044 17.698588 -3.345653 0.322170 2.866944 2.676522 0.230122 -4.300415 0.716736 -0.230122 7.866039 2.007392 1.075104 -6.194506 8.000000 0.000000 -12.000000 28.828438 -28.103485 2.866944 -18.000000 -6.691306 0.000000 -7.956175 -2.676522 0.552292 -8.000000 0.000000 12.000000 -28.828438 28.103485 -2.866944 46.103485 6.691306 0.000000 7.956175 2.676522 -0.552292 -1.338261 -21.412179 -88.492942 0.000000 40.118269 0.000000 0.000000 -10.000000 -1.338261 0.000000 0.000000 0.000000 1.338261 21.412179 88.492942 0.000000 8.000000 0.000000 0.000000 -23.382612 1.338261 0.000000 5.353045 0.000000
17.778390 2.377641 22.730682 -2.351141 -1.902113 17.778390 -2.938926 0.206559 2.472136 2.351141 0.147542 -3.708204 0.618034 -0.147542 7.901507 1.763356 0.927051 -6.222437 8.000000 0.000000 -12.000000 28.531153 -24.686981 2.472136 -18.000000 -5.877853 0.000000 -7.608452 -2.351141 0.354102 -8.000000 0.000000 12.000000 -28.531153 24.686981 -2.472136 42.686981 5.877853 0.000000 7.608452 2.351141 -0.354102 -1.175571 -18.809128 -88.891951 0.000000 36.213692 0.000000 0.000000 -10.000000 -1.175571 0.000000 0.000000 0.000000 1.175571 18.809128 88.891951 0.000000 8.000000 0.000000 0.000000 -21.755705 1.175571 0.000000 4.702282 0.000000
17.846008 2.165064 23.077104 -2.000000 -1.732051 17.846008 -2.500000 0.121363 2.070552 2.000000 0.086688 -3.105829 0.517638 -0.086688 7.931559 1.500000 0.776457 -6.246103 8.000000 0.000000 -12.000000 28.312077 -21.000000 2.070552 -18.000000 -5.000000 0.000000 -6.928203 -2.000000 0.208051 -8.000000 0.000000 12.000000 -28.312077 21.000000 -2.070552 39.000000 5.000000 0.000000 6.928203 2.000000 -0.208051 -1.000000 -16.000000 -89.230038 0.000000 32.000000 0.000000 0.000000 -10.000000 -1.000000 0.000000 0.000000 0.000000 1.000000 16.000000 89.230038 0.000000 8.000000 0.000000 0.000000 -20.000000 1.000000 0.000000 4.000000 0.000000
17.901394 1.857862 23.419571 -1.626947 -1.486290 17.901394 -2.033683 0.062912 1.663294 1.626947 0.044937 -2.494940 0.415823 -0.044937 7.956175 1.220210 0.623735 -6.265488 8.000000 0.000000 -12.000000 28.161774 -17.082939 1.663294 -18.000000 -4.067366 0.000000 -5.945159 -1.626947 0.107849 -8.000000 0.000000 12.000000 -28.161774 17.082939 -1.663294 35.082939 4.067366 0.000000 5.945159 1.626947 -0.107849 -0.813473 -13.015573 -89.506971 0.000000 27.523359 0.000000 0.000000 -10.000000 -0.813473 0.000000 0.000000 0.000000 0.813473 13.015573 89.506971 0.000000 8.000000 0.000000 0.000000 -18.134733 0.813473 0.000000 3.253893 0.000000
17.944512 1.469463 23.758026 -1.236068 -1.175571 17.944512 -1.545085 0.026798 1.251476 1.236068 0.019141 -1.877214 0.312869 -0.019141 7.975339 0.927051 0.469303 -6.280579 8.000000 0.000000 -12.000000 28.068908 -12.978714 1.251476 -18.000000 -3.090170 0.000000 -4.702282 -1.236068 0.045939 -8.000000 0.000000 12.000000 -28.068908 12.978714 -1.251476 30.978714 3.090170 0.000000 4.702282 1.236068 -0.045939 -0.618034 -9.888544 -89.722560 0.000000 22.832816 0.000000 0.000000 -10.000000 -0.618034 0.000000 0.000000 0.000000 0.618034 9.888544 89.722560 0.000000 8.000000 0.000000 0.000000 -16.180340 0.618034 0.000000 2.472136 0.000000
17.975332 1.016842 24.092410 -0.831647 -0.813473 17.975332 -1.039558 0.007995 0.836228 0.831647 0.005710 -1.254342 0.209057 -0.005710 7.989036 0.623735 0.313585 -6.291366 8.000000 0.000000 -12.000000 28.020558 -8.732291 0.836228 -18.000000 -2.079117 0.000000 -3.253893 -0.831647 0.013705 -8.000000 0.000000 12.000000 -28.020558 8.732291 -0.836228 26.732291 2.079117 0.000000 3.253893 0.831647 -0.013705 -0.415823 -6.653174 -89.876658 0.000000 17.979761 0.000000 0.000000 -10.000000 -0.415823 0.000000 0.000000 0.000000 0.415823 6.653174 89.876658 0.000000 8.000000 0.000000 0.000000 -14.158234 0.415823 0.000000 1.663294 0.000000
17.993832 0.519779 24.422666 -0.418114 -0.415823 17.993832 -0.522642 0.001003 0.418688 0.418114 0.000717 -0.628031 0.104672 -0.000717 7.997259 0.313585 0.157008 -6.297841 8.000000 0.000000 -12.000000 28.002580 -4.390195 0.418688 -18.000000 -1.045285 0.000000 -1.663294 -0.418114 0.001720 -8.000000 0.000000 12.000000 -28.002580 4.390195 -0.418688 22.390195 1.045285 0.000000 1.663294 0.418114 -0.001720 -0.209057 -3.344911 -89.969159 0.000000 13.017366 0.000000 0.000000 -10.000000 -0.209057 0.000000 0.000000 0.000000 0.209057 3.344911 89.969159 0.000000 8.000000 0.000000 0.000000 -12.090569 0.209057 0.000000 0.836228 0.000000
18.000000 0.000000 24.748737 -0.000000 -0.000000 18.000000 -0.000000 0.000000 0.000000 0.000000 0.000000 -0.000000 0.000000 -0.000000 8.000000 0.000000 0.000000 -6.300000 8.000000 0.000000 -12.000000 28.000000 -0.000000 0.000000 -18.000000 -0.000000 0.000000 -0.000000 -0.000000 0.000000 -8.000000 0.000000 12.000000 -28.000000 0.000000 -0.000000 18.000000 0.000000 0.000000 0.000000 0.000000 -0.000000 -0.000000 -0.000000 -90.000000 0.000000 8.000000 0.000000 0.000000 -10.000000 -0.000000 0.000000 0.000000 0.000000 0.000000 0.000000 90.000000 0.000000 8.000000 0.000000 0.000000 -10.000000 0.000000 0.000000 0.000000 0.000000
17.993832 0.519779 25.070568 0.418114 0.415823 17.993832 0.522642 -0.001003 -0.418688 -0.418114 -0.000717 0.628031 -0.104672 0.000717 7.997259 -0.313585 -0.157008 -6.297841 8.000000 0.000000 -12.000000 27.997420 4.390195 -0.418688 -22.390195 1.045285 0.000000 1.663294 0.418114 -0.001720 -8.000000 0.000000 12.000000 -27.997420 -4.390195 0.418688 18.000000 -1.045285 0.000000 -1.663294 -0.418114 0.001720 0.209057 3.344911 -89.969159 0.000000 8.000000 0.000000 0.000000 -12.090569 0.209057 0.000000 0.836228 0.000000 -0.209057 -3.344911 89.969159 0.000000 13.017366 0.000000 0.000000 -10.000000 -0.209057 0.000000 0.000000 0.000000
17.975332 1.016842 25.388103 0.831647 0.813473 17.975332 1.039558 -0.007995 -0.836228 -0.831647 -0.005710 1.254342 -0.209057 0.005710 7.989036 -0.623735 -0.313585 -6.291366 8.000000 0.000000 -12.000000 27.979442 8.732291 -0.836228 -26.732291 2.079117 0.000000 3.253893 0.831647 -0.013705 -8.000000 0.000000 12.000000 -27.979442 -8.732291 0.836228 18.000000 -2.079117 0.000000 -3.253893 -0.831647 0.013705 0.415823 6.653174 -89.876658 0.000000 8.000000 0.000000 0.000000 -14.158234 0.415823 0.000000 1.663294 0.000000 -0.415823 -6.653174 89.876658 0.000000 17.979761 0.000000 0.000000 -10.000000 -0.415823 0.000000 0.000000 0.000000
17.944512 1.469463 25.701288 1.236068 1.175571 17.944512 1.545085 -0.026798 -1.251476 -1.236068 -0.019141 1.877214 -0.312869 0.019141 7.975339 -0.927051 -0.469303 -6.280579 8.000000 0.000000 -12.000000 27.931092 12.978714 -1.251476 -30.978714 3.090170 0.000000 4.702282 1.236068 -0.045939 -8.000000 0.000000 12.000000 -27.931092 -12.978714 1.251476 18.000000 -3.090170 0.000000 -4.702282 -1.236068 0.045939 0.618034 9.888544 -89.722560 0.000000 8.000000 0.000000 0.000000 -16.180340 0.618034 0.000000 2.472136 0.000000 -0.618034 -9.888544 89.722560 0.000000 22.832816 0.000000 0.000000 -10.000000 -0.618034 0.000000 0.000000 0.000000
17.901394 1.857862 26.010069 1.626947 1.486290 17.901394 2.033683 -0.062912 -1.663294 -1.626947 -0.044937 2.494940 -0.415823 0.044937 7.956175 -1.220210 -0.623735 -6.265488 8.000000 0.000000 -12.000000 27.838226 17.082939 -1.663294 -35.082939 4.067366 0.000000 5.945159 1.626947 -0.107849 -8.000000 0.000000 12.000000 -27.838226 -17.082939 1.663294 18.000000 -4.067366 0.000000 -5.945159 -1.626947 0.107849 0.813473 13.015573 -89.506971 0.000000 8.000000 0.000000 0.000000 -18.134733 0.813473 0.000000 3.253893 0.000000 -0.813473 -13.015573 89.506971 0.000000 27.523359 0.000000 0.000000 -10.000000 -0.813473 0.000000 0.000000 0.000000
17.846008 2.165064 26.314393 2.000000 1.732051 17.846008 2.500000 -0.121363 -2.070552 -2.000000 -0.086688 3.105829 -0.517638 0.086688 7.931559 -1.500000 -0.776457 -6.246103 8.000000 0.000000 -12.000000 27.687923 21.000000 -2.070552 -39.000000 5.000000 0.000000 6.928203 2.000000 -0.208051 -8.000000 0.000000 12.000000 -27.687923 -21.000000 2.070552 18.000000 -5.000000 0.000000 -6.928203 -2.000000 0.208051 1.000000 16.000000 -89.230038 0.000000 8.000000 0.000000 0.000000 -20.000000 1.000000 0.000000 4.000000 0.000000 -1.000000 -16.000000 89.230038 0.000000 32.000000 0.000000 0.000000 -10.000000 -1.000000 0.000000 0.000000 0.000000
17.778390 2.377641 26.614209 2.351141 1.902113 17.778390 2.938926 -0.206559 -2.472136 -2.351141 -0.147542 3.708204 -0.618034 0.147542 7.901507 -1.763356 -0.927051 -6.222437 8.000000 0.000000 -12.000000 27.468847 24.686981 -2.472136 -42.686981 5.877853 0.000000 7.608452 2.351141 -0.354102 -8.000000 0.000000 12.000000 -27.468847 -24.686981 2.472136 18.000000 -5.877853 0.000000 -7.608452 -2.351141 0.354102 1.175571 18.809128 -88.891951 0.000000 8.000000 0.000000 0.000000 -21.755705 1.175571 0.000000 4.702282 0.000000 -1.175571 -18.809128 88.891951 0.000000 36.213692 0.000000 0.000000 -10.000000 -1.175571 0.000000 0.000000 0.000000
17.698588 2.486305 26.909464 2.676522 1.989044 17.698588 3.345653 -0.322170 -2.866944 -2.676522 -0.230122 4.300415 -0.716736 0.230122 7.866039 -2.007392 -1.075104 -6.194506 8.000000 0.000000 -12.000000 27.171562 28.103485 -2.866944 -46.103485 6.691306 0.000000 7.956175 2.676522 -0.552292 -8.000000 0.000000 12.000000 -27.171562 -28.103485 2.866944 18.000000 -6.691306 0.000000 -7.956175 -2.676522 0.552292 1.338261 21.412179 -88.492942 0.000000 8.000000 0.000000 0.000000 -23.382612 1.338261 0.000000 5.353045 0.000000 -1.338261 -21.412179 88.492942 0.000000 40.118269 0.000000 0.000000 -10.000000 -1.338261 0.000000 0.000000 0.000000
17.606657 2.486305 27.200109 2.972579 1.989044 17.606657 3.715724 -0.471018 -3.253893 -2.972579 -0.336442 4.880840 -0.813473 0.336442 7.825181 -2.229434 -1.220210 -6.162330 8.000000 0.000000 -12.000000 26.788810 31.212083 -3.253893 -49.212083 7.431448 0.000000 7.956175 2.972579 -0.807460 -8.000000 0.000000 12.000000 -26.788810 -31.212083 3.253893 18.000000 -7.431448 0.000000 -7.956175 -2.972579 0.807460 1.486290 23.780634 -88.033284 0.000000 8.000000 0.000000 0.000000 -24.862897 1.486290 0.000000 5.945159 0.000000 -1.486290 -23.780634 88.033284 0.000000 43.670952 0.000000 0.000000 -10.000000 -1.486290 0.000000 0.000000 0.000000
17.502659 2.377641 27.486093 3.236068 1.902113 17.502659 4.045085 -0.654996 -3.631924 -3.236068 -0.467854 5.447886 -0.907981 0.467854 7.778959 -2.427051 -1.361971 -6.125930 8.000000 0.000000 -12.000000 26.315726 33.978714 -3.631924 -51.978714 8.090170 0.000000 7.608452 3.236068 -1.122849 -8.000000 0.000000 12.000000 -26.315726 -33.978714 3.631924 18.000000 -8.090170 0.000000 -7.608452 -3.236068 1.122849 1.618034 25.888544 -87.513293 0.000000 8.000000 0.000000 0.000000 -26.180340 1.618034 0.000000 6.472136 0.000000 -1.618034 -25.888544 87.513293 0.000000 46.832816 0.000000 0.000000 -10.000000 -1.618034 0.000000 0.000000 0.000000
17.386665 2.165064 27.767367 3.464102 1.732051 17.386665 4.330127 -0.875000 -4.000000 -3.464102 -0.625000 6.000000 -1.000000 0.625000 7.727407 -2.598076 -1.500000 -6.085333 8.000000 0.000000 -12.000000 25.750000 36.373067 -4.000000 -54.373067 8.660254 0.000000 6.928203 3.464102 -1.500000 -8.000000 0.000000 12.000000 -25.750000 -36.373067 4.000000 18.000000 -8.660254 0.000000 -6.928203 -3.464102 1.500000 1.732051 27.712813 -86.933324 0.000000 8.000000 0.000000 0.000000 -27.320508 1.732051 0.000000 6.928203 0.000000 -1.732051 -27.712813 86.933324 0.000000 49.569219 0.000000 0.000000 -10.000000 -1.732051 0.000000 0.000000 0.000000
17.258755 1.857862 28.043883 3.654182 1.486290 17.258755 4.567727 -1.130900 -4.357112 -3.654182 -0.807786 6.535668 -1.089278 0.807786 7.670558 -2.740636 -1.633917 -6.040564 8.000000 0.000000 -12.000000 25.091971 38.368909 -4.357112 -56.368909 9.135455 0.000000 5.945159 3.654182 -1.938686 -8.000000 0.000000 12.000000 -25.091971 -38.368909 4.357112 18.000000 -9.135455 0.000000 -5.945159 -3.654182 1.938686 1.827091 29.233455 -86.293776 0.000000 8.000000 0.000000 0.000000 -28.270909 1.827091 0.000000 7.308364 0.000000 -1.827091 -29.233455 86.293776 0.000000 51.850182 0.000000 0.000000 -10.000000 -1.827091 0.000000 0.000000 0.000000
17.119017 1.469463 28.315595 3.804226 1.175571 17.119017 4.755283 -1.421524 -4.702282 -3.804226 -1.015374 7.053423 -1.175571 1.015374 7.608452 -2.853170 -1.763356 -5.991656 8.000000 0.000000 -12.000000 24.344653 39.944374 -4.702282 -57.944374 9.510565 0.000000 4.702282 3.804226 -2.436898 -8.000000 0.000000 12.000000 -24.344653 -39.944374 4.702282 18.000000 -9.510565 0.000000 -4.702282 -3.804226 2.436898 1.902113 30.433809 -85.595086 0.000000 8.000000 0.000000 0.000000 -29.021130 1.902113 0.000000 7.608452 0.000000 -1.902113 -30.433809 85.595086 0.000000 53.650713 0.000000 0.000000 -10.000000 -1.902113 0.000000 0.000000 0.000000
16.967547 1.016842 28.582454 3.912590 0.813473 16.967547 4.890738 -1.744671 -5.034563 -3.912590 -1.246193 7.551845 -1.258641 1.246193 7.541132 -2.934443 -1.887961 -5.938641 8.000000 0.000000 -12.000000 23.513704 41.082199 -5.034563 -59.082199 9.781476 0.000000 3.253893 3.912590 -2.990864 -8.000000 0.000000 12.000000 -23.513704 -41.082199 5.034563 18.000000 -9.781476 0.000000 -3.253893 -3.912590 2.990864 1.956295 31.300723 -84.837734 0.000000 8.000000 0.000000 0.000000 -29.562952 1.956295 0.000000 7.825181 0.000000 -1.956295 -31.300723 84.837734 0.000000 54.951085 0.000000 0.000000 -10.000000 -1.956295 0.000000 0.000000 0.000000
16.804448 0.519779 28.844417 3.978088 0.415823 16.804448 4.972609 -2.097156 -5.353045 -3.978088 -1.497969 8.029567 -1.338261 1.497969 7.468643 -2.983566 -2.007392 -5.881557 8.000000 0.000000 -12.000000 22.607313 41.769920 -5.353045 -59.769920 9.945219 0.000000 1.663294 3.978088 -3.595124 -8.000000 0.000000 12.000000 -22.607313 -41.769920 5.353045 18.000000 -9.945219 0.000000 -1.663294 -3.978088 3.595124 1.989044 31.824701 -84.022238 0.000000 8.000000 0.000000 0.000000 -29.890438 1.989044 0.000000 7.956175 0.000000 -1.989044 -31.824701 84.022238 0.000000 55.737051 0.000000 0.000000 -10.000000 -1.989044 0.000000 0.000000 0.000000
16.629832 0.000000 29.101436 4.000000 0.000000 16.629832 5.000000 -2.474874 -5.656854 -4.000000 -1.767767 8.485281 -1.414214 1.767767 7.391036 -3.000000 -2.121320 -5.820441 8.000000 0.000000 -12.000000 21.636039 42.000000 -5.656854 -60.000000 10.000000 0.000000 0.000000 4.000000 -4.242641 -8.000000 0.000000 12.000000 -21.636039 -42.000000 5.656854 18.000000 -10.000000 0.000000 -0.000000 -4.000000 4.242641 2.000000 32.000000 -83.149158 0.000000 8.000000 0.000000 0.000000 -30.000000 2.000000 0.000000 8.000000 0.000000 -2.000000 -32.000000 83.149158 0.000000 56.000000 0.000000 0.000000 -10.000000 -2.000000 0.000000 0.000000 0.000000
16.443818 0.519779 29.353470 3.978088 -0.415823 16.443818 4.972609 -2.872886 -5.945159 -3.978088 -2.052062 8.917738 -1.486290 2.052062 7.308364 -2.983566 -2.229434 -5.755336 8.000000 0.000000 -12.000000 20.612578 41.769920 -5.945159 -59.769920 9.945219 0.000000 -1.663294 3.978088 -4.924948 -8.000000 0.000000 12.000000 -20.612578 -41.769920 5.945159 18.000000 -9.945219 0.000000 1.663294 -3.978088 4.924948 1.989044 31.824701 -82.219091 0.000000 8.000000 0.000000 0.000000 -29.890438 1.989044 0.000000 7.956175 0.000000 -1.989044 -31.824701 82.219091 0.000000 55.737051 0.000000 0.000000 -10.000000 -1.989044 0.000000 0.000000 0.000000
16.246535 1.016842 29.600474 3.912590 -0.813473 16.246535 4.890738 -3.285533 -6.217168 -3.912590 -2.346809 9.325752 -1.554292 2.346809 7.220682 -2.934443 -2.331438 -5.686287 8.000000 0.000000 -12.000000 19.551487 41.082199 -6.217168 -59.082199 9.781476 0.000000 -3.253893 3.912590 -5.632342 -8.000000 0.000000 12.000000 -19.551487 -41.082199 6.217168 18.000000 -9.781476 0.000000 3.253893 -3.912590 5.632342 1.956295 31.300723 -81.232676 0.000000 8.000000 0.000000 0.000000 -29.562952 1.956295 0.000000 7.825181 0.000000 -1.956295 -31.300723 81.232676 0.000000 54.951085 0.000000 0.000000 -10.000000 -1.956295 0.000000 0.000000 0.000000
16.038117 1.469463 29.842406 3.804226 -1.175571 16.038117 4.755283 -3.706559 -6.472136 -3.804226 -2.647542 9.708204 -1.618034 2.647542 7.128052 -2.853170 -2.427051 -5.613341 8.000000 0.000000 -12.000000 18.468847 39.944374 -6.472136 -57.944374 9.510565 0.000000 -4.702282 3.804226 -6.354102 -8.000000 0.000000 12.000000 -18.468847 -39.944374 6.472136 18.000000 -9.510565 0.000000 4.702282 -3.804226 6.354102 1.902113 30.433809 -80.190587 0.000000 8.000000 0.000000 0.000000 -29.021130 1.902113 0.000000 7.608452 0.000000 -1.902113 -30.433809 80.190587 0.000000 53.650713 0.000000 0.000000 -10.000000 -1.902113 0.000000 0.000000 0.000000
15.818708 1.857862 30.079224 3.654182 -1.486290 15.818708 4.567727 -4.129260 -6.709365 -3.654182 -2.949472 10.064047 -1.677341 2.949472 7.030537 -2.740636 -2.516012 -5.536548 8.000000 0.000000 -12.000000 17.381902 38.368909 -6.709365 -56.368909 9.135455 0.000000 -5.945159 3.654182 -7.078732 -8.000000 0.000000 12.000000 -17.381902 -38.368909 6.709365 18.000000 -9.135455 0.000000 5.945159 -3.654182 7.078732 1.827091 29.233455 -79.093540 0.000000 8.000000 0.000000 0.000000 -28.270909 1.827091 0.000000 7.308364 0.000000 -1.827091 -29.233455 79.093540 0.000000 51.850182 0.000000 0.000000 -10.000000 -1.827091 0.000000 0.000000 0.000000
15.588457 2.165064 30.310889 3.464102 -1.732051 15.588457 4.330127 -4.546633 -6.928203 -3.464102 -3.247595 10.392305 -1.732051 3.247595 6.928203 -2.598076 -2.598076 -5.455960 8.000000 0.000000 -12.000000 16.308657 36.373067 -6.928203 -54.373067 8.660254 0.000000 -6.928203 3.464102 -7.794229 -8.000000 0.000000 12.000000 -16.308657 -36.373067 6.928203 18.000000 -8.660254 0.000000 6.928203 -3.464102 7.794229 1.732051 27.712813 -77.942286 0.000000 8.000000 0.000000 0.000000 -27.320508 1.732051 0.000000 6.928203 0.000000 -1.732051 -27.712813 77.942286 0.000000 49.569219 0.000000 0.000000 -10.000000 -1.732051 0.000000 0.000000 0.000000
15.347523 2.377641 30.537360 3.236068 -1.902113 15.347523 4.045085 -4.951545 -7.128052 -3.236068 -3.536818 10.692078 -1.782013 3.536818 6.821121 -2.427051 -2.673020 -5.371633 8.000000 0.000000 -12.000000 15.267457 33.978714 -7.128052 -51.978714 8.090170 0.000000 -7.608452 3.236068 -8.488362 -8.000000 0.000000 12.000000 -15.267457 -33.978714 7.128052 18.000000 -8.090170 0.000000 7.608452 -3.236068 8.488362 1.618034 25.888544 -76.737615 0.000000 8.000000 0.000000 0.000000 -26.180340 1.618034 0.000000 6.472136 0.000000 -1.618034 -25.888544 76.737615 0.000000 46.832816 0.000000 0.000000 -10.000000 -1.618034 0.000000 0.000000 0.000000
15.096070 2.486305 30.758599 2.972579 -1.989044 15.096070 3.715724 -5.336893 -7.308364 -2.972579 -3.812067 10.962545 -1.827091 3.812067 6.709365 -2.229434 -2.740636 -5.283625 8.000000 0.000000 -12.000000 14.276560 31.212083 -7.308364 -49.212083 7.431448 0.000000 -7.956175 2.972579 -9.148960 -8.000000 0.000000 12.000000 -14.276560 -31.212083 7.308364 18.000000 -7.431448 0.000000 7.956175 -2.972579 9.148960 1.486290 23.780634 -75.480351 0.000000 8.000000 0.000000 0.000000 -24.862897 1.486290 0.000000 5.945159 0.000000 -1.486290 -23.780634 75.480351 0.000000 43.670952 0.000000 0.000000 -10.000000 -1.486290 0.000000 0.000000 0.000000
14.834271 2.486305 30.974567 2.676522 -1.989044 14.834271 3.345653 -5.695781 -7.468643 -2.676522 -4.068415 11.202965 -1.867161 4.068415 6.593010 -2.007392 -2.800741 -5.191995 8.000000 0.000000 -12.000000 13.353707 28.103485 -7.468643 -46.103485 6.691306 0.000000 -7.956175 2.676522 -9.764195 -8.000000 0.000000 12.000000 -13.353707 -28.103485 7.468643 18.000000 -6.691306 0.000000 7.956175 -2.676522 9.764195 1.338261 21.412179 -74.171357 0.000000 8.000000 0.000000 0.000000 -23.382612 1.338261 0.000000 5.353045 0.000000 -1.338261 -21.412179 74.171357 0.000000 40.118269 0.000000 0.000000 -10.000000 -1.338261 0.000000 0.000000 0.000000
14.562306 2.377641 31.185228 2.351141 -1.902113 14.562306 2.938926 -6.021671 -7.608452 -2.351141 -4.301194 11.412678 -1.902113 4.301194 6.472136 -1.763356 -2.853170 -5.096807 8.000000 0.000000 -12.000000 12.515703 24.686981 -7.608452 -42.686981 5.877853 0.000000 -7.608452 2.351141 -10.322864 -8.000000 0.000000 12.000000 -12.515703 -24.686981 7.608452 18.000000 -5.877853 0.000000 7.608452 -2.351141 10.322864 1.175571 18.809128 -72.811529 0.000000 8.000000 0.000000 0.000000 -21.755705 1.175571 0.000000 4.702282 0.000000 -1.175571 -18.809128 72.811529 0.000000 36.213692 0.000000 0.000000 -10.000000 -1.175571 0.000000 0.000000 0.000000
14.280360 2.165064 31.390546 2.000000 -1.732051 14.280360 2.500000 -6.308547 -7.727407 -2.000000 -4.506105 11.591110 -1.931852 4.506105 6.346827 -1.500000 -2.897777 -4.998126 8.000000 0.000000 -12.000000 11.778021 21.000000 -7.727407 -39.000000 5.000000 0.000000 -6.928203 2.000000 -10.814653 -8.000000 0.000000 12.000000 -11.778021 -21.000000 7.727407 18.000000 -5.000000 0.000000 6.928203 -2.000000 10.814653 1.000000 16.000000 -71.401801 0.000000 8.000000 0.000000 0.000000 -20.000000 1.000000 0.000000 4.000000 0.000000 -1.000000 -16.000000 71.401801 0.000000 32.000000 0.000000 0.000000 -10.000000 -1.000000 0.000000 0.000000 0.000000
13.988627 1.857862 31.590485 1.626947 -1.486290 13.988627 2.033683 -6.551055 -7.825181 -1.626947 -4.679325 11.737771 -1.956295 4.679325 6.217168 -1.220210 -2.934443 -4.896020 8.000000 0.000000 -12.000000 11.154431 17.082939 -7.825181 -35.082939 4.067366 0.000000 -5.945159 1.626947 -11.230379 -8.000000 0.000000 12.000000 -11.154431 -17.082939 7.825181 18.000000 -4.067366 0.000000 5.945159 -1.626947 11.230379 0.813473 13.015573 -69.943137 0.000000 8.000000 0.000000 0.000000 -18.134733 0.813473 0.000000 3.253893 0.000000 -0.813473 -13.015573 69.943137 0.000000 27.523359 0.000000 0.000000 -10.000000 -0.813473 0.000000 0.000000 0.000000
13.687307 1.469463 31.785011 1.236068 -1.175571 13.687307 1.545085 -6.744625 -7.901507 -1.236068 -4.817589 11.852260 -1.975377 4.817589 6.083248 -0.927051 -2.963065 -4.790558 8.000000 0.000000 -12.000000 10.656678 12.978714 -7.901507 -30.978714 3.090170 0.000000 -4.702282 1.236068 -11.562215 -8.000000 0.000000 12.000000 -10.656678 -12.978714 7.901507 18.000000 -3.090170 0.000000 4.702282 -1.236068 11.562215 0.618034 9.888544 -68.436537 0.000000 8.000000 0.000000 0.000000 -16.180340 0.618034 0.000000 2.472136 0.000000 -0.618034 -9.888544 68.436537 0.000000 22.832816 0.000000 0.000000 -10.000000 -0.618034 0.000000 0.000000 0.000000
13.376607 1.016842 31.974091 0.831647 -0.813473 13.376607 1.039558 -6.885589 -7.956175 -0.831647 -4.918278 11.934263 -1.989044 4.918278 5.945159 -0.623735 -2.983566 -4.681812 8.000000 0.000000 -12.000000 10.294200 8.732291 -7.956175 -26.732291 2.079117 0.000000 -3.253893 0.831647 -11.803867 -8.000000 0.000000 12.000000 -10.294200 -8.732291 7.956175 18.000000 -2.079117 0.000000 3.253893 -0.831647 11.803867 0.415823 6.653174 -66.883034 0.000000 8.000000 0.000000 0.000000 -14.158234 0.415823 0.000000 1.663294 0.000000 -0.415823 -6.653174 66.883034 0.000000 17.979761 0.000000 0.000000 -10.000000 -0.415823 0.000000 0.000000 0.000000
13.056739 0.519779 32.157692 0.418114 -0.415823 13.056739 0.522642 -6.971260 -7.989036 -0.418114 -4.979471 11.983554 -1.997259 4.979471 5.802995 -0.313585 -2.995889 -4.569859 8.000000 0.000000 -12.000000 10.073904 4.390195 -7.989036 -22.390195 1.045285 0.000000 -1.663294 0.418114 -11.950731 -8.000000 0.000000 12.000000 -10.073904 -4.390195 7.989036 18.000000 -1.045285 0.000000 1.663294 -0.418114 11.950731 0.209057 3.344911 -65.283693 0.000000 8.000000 0.000000 0.000000 -12.090569 0.209057 0.000000 0.836228 0.000000 -0.209057 -3.344911 65.283693 0.000000 13.017366 0.000000 0.000000 -10.000000 -0.209057 0.000000 0.000000 0.000000
12.727922 0.000000 32.335784 0.000000 -0.000000 12.727922 0.000000 -7.000000 -8.000000 -0.000000 -5.000000 12.000000 -2.000000 5.000000 5.656854 -0.000000 -3.000000 -4.454773 8.000000 0.000000 -12.000000 10.000000 0.000000 -8.000000 -18.000000 0.000000 0.000000 -0.000000 0.000000 -12.000000 -8.000000 0.000000 12.000000 -10.000000 -0.000000 8.000000 18.000000 -0.000000 0.000000 0.000000 -0.000000 12.000000 0.000000 0.000000 -63.639610 0.000000 8.000000 0.000000 0.000000 -10.000000 0.000000 0.000000 0.000000 0.000000 -0.000000 -0.000000 63.639610 0.000000 8.000000 0.000000 0.000000 -10.000000 -0.000000 0.000000 0.000000 0.000000
12.390382 0.519779 32.508334 -0.418114 0.415823 12.390382 -0.522642 -6.971260 -7.989036 0.418114 -4.979471 11.983554 -1.997259 4.979471 5.506837 0.313585 -2.995889 -4.336634 8.000000 0.000000 -12.000000 10.073904 -4.390195 -7.989036 -18.000000 -1.045285 0.000000 1.663294 -0.418114 -11.950731 -8.000000 0.000000 12.000000 -10.073904 4.390195 7.989036 22.390195 1.045285 0.000000 -1.663294 0.418114 11.950731 -0.209057 -3.344911 -61.951912 0.000000 13.017366 0.000000 0.000000 -10.000000 -0.209057 0.000000 0.000000 0.000000 0.209057 3.344911 61.951912 0.000000 8.000000 0.000000 0.000000 -12.090569 0.209057 0.000000 0.836228 0.000000
12.044351 1.016842 32.675315 -0.831647 0.813473 12.044351 -1.039558 -6.885589 -7.956175 0.831647 -4.918278 11.934263 -1.989044 4.918278 5.353045 0.623735 -2.983566 -4.215523 8.000000 0.000000 -12.000000 10.294200 -8.732291 -7.956175 -18.000000 -2.079117 0.000000 3.253893 -0.831647 -11.803867 -8.000000 0.000000 12.000000 -10.294200 8.732291 7.956175 26.732291 2.079117 0.000000 -3.253893 0.831647 11.803867 -0.415823 -6.653174 -60.221755 0.000000 17.979761 0.000000 0.000000 -10.000000 -0.415823 0.000000 0.000000 0.000000 0.415823 6.653174 60.221755 0.000000 8.000000 0.000000 0.000000 -14.158234 0.415823 0.000000 1.663294 0.000000
11.690065 1.469463 32.836697 -1.236068 1.175571 11.690065 -1.545085 -6.744625 -7.901507 1.236068 -4.817589 11.852260 -1.975377 4.817589 5.195584 0.927051 -2.963065 -4.091523 8.000000 0.000000 -12.000000 10.656678 -12.978714 -7.901507 -18.000000 -3.090170 0.000000 4.702282 -1.236068 -11.562215 -8.000000 0.000000 12.000000 -10.656678 12.978714 7.901507 30.978714 3.090170 0.000000 -4.702282 1.236068 11.562215 -0.618034 -9.888544 -58.450324 0.000000 22.832816 0.000000 0.000000 -10.000000 -0.618034 0.000000 0.000000 0.000000 0.618034 9.888544 58.450324 0.000000 8.000000 0.000000 0.000000 -16.180340 0.618034 0.000000 2.472136 0.000000
11.327767 1.857862 32.992452 -1.626947 1.486290 11.327767 -2.033683 -6.551055 -7.825181 1.626947 -4.679325 11.737771 -1.956295 4.679325 5.034563 1.220210 -2.934443 -3.964718 8.000000 0.000000 -12.000000 11.154431 -17.082939 -7.825181 -18.000000 -4.067366 0.000000 5.945159 -1.626947 -11.230379 -8.000000 0.000000 12.000000 -11.154431 17.082939 7.825181 35.082939 4.067366 0.000000 -5.945159 1.626947 11.230379 -0.813473 -13.015573 -56.638835 0.000000 27.523359 0.000000 0.000000 -10.000000 -0.813473 0.000000 0.000000 0.000000 0.813473 13.015573 56.638835 0.000000 8.000000 0.000000 0.000000 -18.134733 0.813473 0.000000 3.253893 0.000000
10.957706 2.165064 33.142555 -2.000000 1.732051 10.957706 -2.500000 -6.308547 -7.727407 2.000000 -4.506105 11.591110 -1.931852 4.506105 4.870091 1.500000 -2.897777 -3.835197 8.000000 0.000000 -12.000000 11.778021 -21.000000 -7.727407 -18.000000 -5.000000 0.000000 6.928203 -2.000000 -10.814653 -8.000000 0.000000 12.000000 -11.778021 21.000000 7.727407 39.000000 5.000000 0.000000 -6.928203 2.000000 10.814653 -1.000000 -16.000000 -54.788529 0.000000 32.000000 0.000000 0.000000 -10.000000 -1.000000 0.000000 0.000000 0.000000 1.000000 16.000000 54.788529 0.000000 8.000000 0.000000 0.000000 -20.000000 1.000000 0.000000 4.000000 0.000000
10.580135 2.377641 33.286978 -2.351141 1.902113 10.580135 -2.938926 -6.021671 -7.608452 2.351141 -4.301194 11.412678 -1.902113 4.301194 4.702282 1.763356 -2.853170 -3.703047 8.000000 0.000000 -12.000000 12.515703 -24.686981 -7.608452 -18.000000 -5.877853 0.000000 7.608452 -2.351141 -10.322864 -8.000000 0.000000 12.000000 -12.515703 24.686981 7.608452 42.686981 5.877853 0.000000 -7.608452 2.351141 10.322864 -1.175571 -18.809128 -52.900673 0.000000 36.213692 0.000000 0.000000 -10.000000 -1.175571 0.000000 0.000000 0.000000 1.175571 18.809128 52.900673 0.000000 8.000000 0.000000 0.000000 -21.755705 1.175571 0.000000 4.702282 0.000000
10.195312 2.486305 33.425698 -2.676522 1.989044 10.195312 -3.345653 -5.695781 -7.468643 2.676522 -4.068415 11.202965 -1.867161 4.068415 4.531250 2.007392 -2.800741 -3.568359 8.000000 0.000000 -12.000000 13.353707 -28.103485 -7.468643 -18.000000 -6.691306 0.000000 7.956175 -2.676522 -9.764195 -8.000000 0.000000 12.000000 -13.353707 28.103485 7.468643 46.103485 6.691306 0.000000 -7.956175 2.676522 9.764195 -1.338261 -21.412179 -50.976561 0.000000 40.118269 0.000000 0.000000 -10.000000 -1.338261 0.000000 0.000000 0.000000 1.338261 21.412179 50.976561 0.000000 8.000000 0.000000 0.000000 -23.382612 1.338261 0.000000 5.353045 0.000000
9.803503 2.486305 33.558691 -2.972579 1.989044 9.803503 -3.715724 -5.336893 -7.308364 2.972579 -3.812067 10.962545 -1.827091 3.812067 4.357112 2.229434 -2.740636 -3.431226 8.000000 0.000000 -12.000000 14.276560 -31.212083 -7.308364 -18.000000 -7.431448 0.000000 7.956175 -2.972579 -9.148960 -8.000000 0.000000 12.000000 -14.276560 31.212083 7.308364 49.212083 7.431448 0.000000 -7.956175 2.972579 9.148960 -1.486290 -23.780634 -49.017513 0.000000 43.670952 0.000000 0.000000 -10.000000 -1.486290 0.000000 0.000000 0.000000 1.486290 23.780634 49.017513 0.000000 8.000000 0.000000 0.000000 -24.862897 1.486290 0.000000 5.945159 0.000000
9.404974 2.377641 33.685933 -3.236068 1.902113 9.404974 -4.045085 -4.951545 -7.128052 3.236068 -3.536818 10.692078 -1.782013 3.536818 4.179989 2.427051 -2.673020 -3.291741 8.000000 0.000000 -12.000000 15.267457 -33.978714 -7.128052 -18.000000 -8.090170 0.000000 7.608452 -3.236068 -8.488362 -8.000000 0.000000 12.000000 -15.267457 33.978714 7.128052 51.978714 8.090170 0.000000 -7.608452 3.236068 8.488362 -1.618034 -25.888544 -47.024871 0.000000 46.832816 0.000000 0.000000 -10.000000 -1.618034 0.000000 0.000000 0.000000 1.618034 25.888544 47.024871 0.000000 8.000000 0.000000 0.000000 -26.180340 1.618034 0.000000 6.472136 0.000000
9.000000 2.165064 33.807404 -3.464102 1.732051 9.000000 -4.330127 -4.546633 -6.928203 3.464102 -3.247595 10.392305 -1.732051 3.247595 4.000000 2.598076 -2.598076 -3.150000 8.000000 0.000000 -12.000000 16.308657 -36.373067 -6.928203 -18.000000 -8.660254 0.000000 6.928203 -3.464102 -7.794229 -8.000000 0.000000 12.000000 -16.308657 36.373067 6.928203 54.373067 8.660254 0.000000 -6.928203 3.464102 7.794229 -1.732051 -27.712813 -45.000000 0.000000 49.569219 0.000000 0.000000 -10.000000 -1.732051 0.000000 0.000000 0.000000 1.732051 27.712813 45.000000 0.000000 8.000000 0.000000 0.000000 -27.320508 1.732051 0.000000 6.928203 0.000000
8.588858 1.857862 33.923082 -3.654182 1.486290 8.588858 -4.567727 -4.129260 -6.709365 3.654182 -2.949472 10.064047 -1.677341 2.949472 3.817270 2.740636 -2.516012 -3.006100 8.000000 0.000000 -12.000000 17.381902 -38.368909 -6.709365 -18.000000 -9.135455 0.000000 5.945159 -3.654182 -7.078732 -8.000000 0.000000 12.000000 -17.381902 38.368909 6.709365 56.368909 9.135455 0.000000 -5.945159 3.654182 7.078732 -1.827091 -29.233455 -42.944288 0.000000 51.850182 0.000000 0.000000 -10.000000 -1.827091 0.000000 0.000000 0.000000 1.827091 29.233455 42.944288 0.000000 8.000000 0.000000 0.000000 -28.270909 1.827091 0.000000 7.308364 0.000000
8.171829 1.469463 34.032947 -3.804226 1.175571 8.171829 -4.755283 -3.706559 -6.472136 3.804226 -2.647542 9.708204 -1.618034 2.647542 3.631924 2.853170 -2.427051 -2.860140 8.000000 0.000000 -12.000000 18.468847 -39.944374 -6.472136 -18.000000 -9.510565 0.000000 4.702282 -3.804226 -6.354102 -8.000000 0.000000 12.000000 -18.468847 39.944374 6.472136 57.944374 9.510565 0.000000 -4.702282 3.804226 6.354102 -1.902113 -30.433809 -40.859145 0.000000 53.650713 0.000000 0.000000 -10.000000 -1.902113 0.000000 0.000000 0.000000 1.902113 30.433809 40.859145 0.000000 8.000000 0.000000 0.000000 -29.021130 1.902113 0.000000 7.608452 0.000000
7.749200 1.016842 34.136981 -3.912590 0.813473 7.749200 -4.890738 -3.285533 -6.217168 3.912590 -2.346809 9.325752 -1.554292 2.346809 3.444089 2.934443 -2.331438 -2.712220 8.000000 0.000000 -12.000000 19.551487 -41.082199 -6.217168 -18.000000 -9.781476 0.000000 3.253893 -3.912590 -5.632342 -8.000000 0.000000 12.000000 -19.551487 41.082199 6.217168 59.082199 9.781476 0.000000 -3.253893 3.912590 5.632342 -1.956295 -31.300723 -38.745999 0.000000 54.951085 0.000000 0.000000 -10.000000 -1.956295 0.000000 0.000000 0.000000 1.956295 31.300723 38.745999 0.000000 8.000000 0.000000 0.000000 -29.562952 1.956295 0.000000 7.825181 0.000000
7.321260 0.519779 34.235166 -3.978088 0.415823 7.321260 -4.972609 -2.872886 -5.945159 3.978088 -2.052062 8.917738 -1.486290 2.052062 3.253893 2.983566 -2.229434 -2.562441 8.000000 0.000000 -12.000000 20.612578 -41.769920 -5.945159 -18.000000 -9.945219 0.000000 1.663294 -3.978088 -4.924948 -8.000000 0.000000 12.000000 -20.612578 41.769920 5.945159 59.769920 9.945219 0.000000 -1.663294 3.978088 4.924948 -1.989044 -31.824701 -36.606298 0.000000 55.737051 0.000000 0.000000 -10.000000 -1.989044 0.000000 0.000000 0.000000 1.989044 31.824701 36.606298 0.000000 8.000000 0.000000 0.000000 -29.890438 1.989044 0.000000 7.956175 0.000000
6.888302 0.000000 34.327485 -4.000000 0.000000 6.888302 -5.000000 -2.474874 -5.656854 4.000000 -1.767767 8.485281 -1.414214 1.767767 3.061467 3.000000 -2.121320 -2.410906 8.000000 0.000000 -12.000000 21.636039 -42.000000 -5.656854 -18.000000 -10.000000 0.000000 0.000000 -4.000000 -4.242641 -8.000000 0.000000 12.000000 -21.636039 42.000000 5.656854 60.000000 10.000000 0.000000 -0.000000 4.000000 4.242641 -2.000000 -32.000000 -34.441509 0.000000 56.000000 0.000000 0.000000 -10.000000 -2.000000 0.000000 0.000000 0.000000 2.000000 32.000000 34.441509 0.000000 8.000000 0.000000 0.000000 -30.000000 2.000000 0.000000 8.000000 0.000000
6.450623 0.519779 34.413922 -3.978088 -0.415823 6.450623 -4.972609 -2.097156 -5.353045 3.978088 -1.497969 8.029567 -1.338261 1.497969 2.866944 2.983566 -2.007392 -2.257718 8.000000 0.000000 -12.000000 22.607313 -41.769920 -5.353045 -18.000000 -9.945219 0.000000 -1.663294 -3.978088 -3.595124 -8.000000 0.000000 12.000000 -22.607313 41.769920 5.353045 59.769920 9.945219 0.000000 1.663294 3.978088 3.595124 -1.989044 -31.824701 -32.253115 0.000000 55.737051 0.000000 0.000000 -10.000000 -1.989044 0.000000 0.000000 0.000000 1.989044 31.824701 32.253115 0.000000 8.000000 0.000000 0.000000 -29.890438 1.989044 0.000000 7.956175 0.000000
6.008523 1.016842 34.494462 -3.912590 -0.813473 6.008523 -4.890738 -1.744671 -5.034563 3.912590 -1.246193 7.551845 -1.258641 1.246193 2.670455 2.934443 -1.887961 -2.102983 8.000000 0.000000 -12.000000 23.513704 -41.082199 -5.034563 -18.000000 -9.781476 0.000000 -3.253893 -3.912590 -2.990864 -8.000000 0.000000 12.000000 -23.513704 41.082199 5.034563 59.082199 9.781476 0.000000 3.253893 3.912590 2.990864 -1.956295 -31.300723 -30.042617 0.000000 54.951085 0.000000 0.000000 -10.000000 -1.956295 0.000000 0.000000 0.000000 1.956295 31.300723 30.042617 0.000000 8.000000 0.000000 0.000000 -29.562952 1.956295 0.000000 7.825181 0.000000
5.562306 1.469463 34.569092 -3.804226 -1.175571 5.562306 -4.755283 -1.421524 -4.702282 3.804226 -1.015374 7.053423 -1.175571 1.015374 2.472136 2.853170 -1.763356 -1.946807 8.000000 0.000000 -12.000000 24.344653 -39.944374 -4.702282 -18.000000 -9.510565 0.000000 -4.702282 -3.804226 -2.436898 -8.000000 0.000000 12.000000 -24.344653 39.944374 4.702282 57.944374 9.510565 0.000000 4.702282 3.804226 2.436898 -1.902113 -30.433809 -27.811529 0.000000 53.650713 0.000000 0.000000 -10.000000 -1.902113 0.000000 0.000000 0.000000 1.902113 30.433809 27.811529 0.000000 8.000000 0.000000 0.000000 -29.021130 1.902113 0.000000 7.608452 0.000000
5.112276 1.857862 34.637799 -3.654182 -1.486290 5.112276 -4.567727 -1.130900 -4.357112 3.654182 -0.807786 6.535668 -1.089278 0.807786 2.272123 2.740636 -1.633917 -1.789297 8.000000 0.000000 -12.000000 25.091971 -38.368909 -4.357112 -18.000000 -9.135455 0.000000 -5.945159 -3.654182 -1.938686 -8.000000 0.000000 12.000000 -25.091971 38.368909 4.357112 56.368909 9.135455 0.000000 5.945159 3.654182 1.938686 -1.827091 -29.233455 -25.561381 0.000000 51.850182 0.000000 0.000000 -10.000000 -1.827091 0.000000 0.000000 0.000000 1.827091 29.233455 25.561381 0.000000 8.000000 0.000000 0.000000 -28.270909 1.827091 0.000000 7.308364 0.000000
4.658743 2.165064 34.700570 -3.464102 -1.732051 4.658743 -4.330127 -0.875000 -4.000000 3.464102 -0.625000 6.000000 -1.000000 0.625000 2.070552 2.598076 -1.500000 -1.630560 8.000000 0.000000 -12.000000 25.750000 -36.373067 -4.000000 -18.000000 -8.660254 0.000000 -6.928203 -3.464102 -1.500000 -8.000000 0.000000 12.000000 -25.750000 36.373067 4.000000 54.373067 8.660254 0.000000 6.928203 3.464102 1.500000 -1.732051 -27.712813 -23.293714 0.000000 49.569219 0.000000 0.000000 -10.000000 -1.732051 0.000000 0.000000 0.000000 1.732051 27.712813 23.293714 0.000000 8.000000 0.000000 0.000000 -27.320508 1.732051 0.000000 6.928203 0.000000
4.202017 2.377641 34.757396 -3.236068 -1.902113 4.202017 -4.045085 -0.654996 -3.631924 3.236068 -0.467854 5.447886 -0.907981 0.467854 1.867563 2.427051 -1.361971 -1.470706 8.000000 0.000000 -12.000000 26.315726 -33.978714 -3.631924 -18.000000 -8.090170 0.000000 -7.608452 -3.236068 -1.122849 -8.000000 0.000000 12.000000 -26.315726 33.978714 3.631924 51.978714 8.090170 0.000000 7.608452 3.236068 1.122849 -1.618034 -25.888544 -21.010083 0.000000 46.832816 0.000000 0.000000 -10.000000 -1.618034 0.000000 0.000000 0.000000 1.618034 25.888544 21.010083 0.000000 8.000000 0.000000 0.000000 -26.180340 1.618034 0.000000 6.472136 0.000000
3.742410 2.486305 34.808266 -2.972579 -1.989044 3.742410 -3.715724 -0.471018 -3.253893 2.972579 -0.336442 4.880840 -0.813473 0.336442 1.663294 2.229434 -1.220210 -1.309844 8.000000 0.000000 -12.000000 26.788810 -31.212083 -3.253893 -18.000000 -7.431448 0.000000 -7.956175 -2.972579 -0.807460 -8.000000 0.000000 12.000000 -26.788810 31.212083 3.253893 49.212083 7.431448 0.000000 7.956175 2.972579 0.807460 -1.486290 -23.780634 -18.712052 0.000000 43.670952 0.000000 0.000000 -10.000000 -1.486290 0.000000 0.000000 0.000000 1.486290 23.780634 18.712052 0.000000 8.000000 0.000000 0.000000 -24.862897 1.486290 0.000000 5.945159 0.000000
3.280239 2.486305 34.853172 -2.676522 -1.989044 3.280239 -3.345653 -0.322170 -2.866944 2.676522 -0.230122 4.300415 -0.716736 0.230122 1.457884 2.007392 -1.075104 -1.148084 8.000000 0.000000 -12.000000 27.171562 -28.103485 -2.866944 -18.000000 -6.691306 0.000000 -7.956175 -2.676522 -0.552292 -8.000000 0.000000 12.000000 -27.171562 28.103485 2.866944 46.103485 6.691306 0.000000 7.956175 2.676522 0.552292 -1.338261 -21.412179 -16.401197 0.000000 40.118269 0.000000 0.000000 -10.000000 -1.338261 0.000000 0.000000 0.000000 1.338261 21.412179 16.401197 0.000000 8.000000 0.000000 0.000000 -23.382612 1.338261 0.000000 5.353045 0.000000
2.815820 2.377641 34.892107 -2.351141 -1.902113 2.815820 -2.938926 -0.206559 -2.472136 2.351141 -0.147542 3.708204 -0.618034 0.147542 1.251476 1.763356 -0.927051 -0.985537 8.000000 0.000000 -12.000000 27.468847 -24.686981 -2.472136 -18.000000 -5.877853 0.000000 -7.608452 -2.351141 -0.354102 -8.000000 0.000000 12.000000 -27.468847 24.686981 2.472136 42.686981 5.877853 0.000000 7.608452 2.351141 0.354102 -1.175571 -18.809128 -14.079102 0.000000 36.213692 0.000000 0.000000 -10.000000 -1.175571 0.000000 0.000000 0.000000 1.175571 18.809128 14.079102 0.000000 8.000000 0.000000 0.000000 -21.755705 1.175571 0.000000 4.702282 0.000000
2.349471 2.165064 34.925062 -2.000000 -1.732051 2.349471 -2.500000 -0.121363 -2.070552 2.000000 -0.086688 3.105829 -0.517638 0.086688 1.044210 1.500000 -0.776457 -0.822315 8.000000 0.000000 -12.000000 27.687923 -21.000000 -2.070552 -18.000000 -5.000000 0.000000 -6.928203 -2.000000 -0.208051 -8.000000 0.000000 12.000000 -27.687923 21.000000 2.070552 39.000000 5.000000 0.000000 6.928203 2.000000 0.208051 -1.000000 -16.000000 -11.747357 0.000000 32.000000 0.000000 0.000000 -10.000000 -1.000000 0.000000 0.000000 0.000000 1.000000 16.000000 11.747357 0.000000 8.000000 0.000000 0.000000 -20.000000 1.000000 0.000000 4.000000 0.000000
1.881512 1.857862 34.952034 -1.626947 -1.486290 1.881512 -2.033683 -0.062912 -1.663294 1.626947 -0.044937 2.494940 -0.415823 0.044937 0.836228 1.220210 -0.623735 -0.658529 8.000000 0.000000 -12.000000 27.838226 -17.082939 -1.663294 -18.000000 -4.067366 0.000000 -5.945159 -1.626947 -0.107849 -8.000000 0.000000 12.000000 -27.838226 17.082939 1.663294 35.082939 4.067366 0.000000 5.945159 1.626947 0.107849 -0.813473 -13.015573 -9.407562 0.000000 27.523359 0.000000 0.000000 -10.000000 -0.813473 0.000000 0.000000 0.000000 0.813473 13.015573 9.407562 0.000000 8.000000 0.000000 0.000000 -18.134733 0.813473 0.000000 3.253893 0.000000
1.412264 1.469463 34.973016 -1.236068 -1.175571 1.412264 -1.545085 -0.026798 -1.251476 1.236068 -0.019141 1.877214 -0.312869 0.019141 0.627673 0.927051 -0.469303 -0.494292 8.000000 0.000000 -12.000000 27.931092 -12.978714 -1.251476 -18.000000 -3.090170 0.000000 -4.702282 -1.236068 -0.045939 -8.000000 0.000000 12.000000 -27.931092 12.978714 1.251476 30.978714 3.090170 0.000000 4.702282 1.236068 0.045939 -0.618034 -9.888544 -7.061319 0.000000 22.832816 0.000000 0.000000 -10.000000 -0.618034 0.000000 0.000000 0.000000 0.618034 9.888544 7.061319 0.000000 8.000000 0.000000 0.000000 -16.180340 0.618034 0.000000 2.472136 0.000000
0.942047 1.016842 34.988006 -0.831647 -0.813473 0.942047 -1.039558 -0.007995 -0.836228 0.831647 -0.005710 1.254342 -0.209057 0.005710 0.418688 0.623735 -0.313585 -0.329717 8.000000 0.000000 -12.000000 27.979442 -8.732291 -0.836228 -18.000000 -2.079117 0.000000 -3.253893 -0.831647 -0.013705 -8.000000 0.000000 12.000000 -27.979442 8.732291 0.836228 26.732291 2.079117 0.000000 3.253893 0.831647 0.013705 -0.415823 -6.653174 -4.710236 0.000000 17.979761 0.000000 0.000000 -10.000000 -0.415823 0.000000 0.000000 0.000000 0.415823 6.653174 4.710236 0.000000 8.000000 0.000000 0.000000 -14.158234 0.415823 0.000000 1.663294 0.000000
0.471185 0.519779 34.997001 -0.418114 -0.415823 0.471185 -0.522642 -0.001003 -0.418688 0.418114 -0.000717 0.628031 -0.104672 0.000717 0.209416 0.313585 -0.157008 -0.164915 8.000000 0.000000 -12.000000 27.997420 -4.390195 -0.418688 -18.000000 -1.045285 0.000000 -1.663294 -0.418114 -0.001720 -8.000000 0.000000 12.000000 -27.997420 4.390195 0.418688 22.390195 1.045285 0.000000 1.663294 0.418114 0.001720 -0.209057 -3.344911 -2.355925 0.000000 13.017366 0.000000 0.000000 -10.000000 -0.209057 0.000000 0.000000 0.000000 0.209057 3.344911 2.355925 0.000000 8.000000 0.000000 0.000000 -12.090569 0.209057 0.000000 0.836228 0.000000
0.000000 0.000000 35.000000 -0.000000 -0.000000 0.000000 -0.000000 -0.000000 -0.000000 0.000000 -0.000000 0.000000 -0.000000 0.000000 0.000000 0.000000 -0.000000 -0.000000 8.000000 0.000000 -12.000000 28.000000 -0.000000 -0.000000 -18.000000 -0.000000 0.000000 -0.000000 -0.000000 -0.000000 -8.000000 0.000000 12.000000 -28.000000 0.000000 0.000000 18.000000 0.000000 0.000000 0.000000 0.000000 0.000000 -0.000000 -0.000000 -0.000000 0.000000 8.000000 0.000000 0.000000 -10.000000 -0.000000 0.000000 0.000000 0.000000 0.000000 0.000000 0.000000 0.000000 8.000000 0.000000 0.000000 -10.000000 0.000000 0.000000 0.000000 0.000000
-0.471185 0.519779 34.997001 0.418114 0.415823 -0.471185 0.522642 0.001003 0.418688 -0.418114 0.000717 -0.628031 0.104672 -0.000717 -0.209416 -0.313585 0.157008 0.164915 8.000000 0.000000 -12.000000 28.002580 4.390195 0.418688 -22.390195 1.045285 0.000000 1.663294 0.418114 0.001720 -8.000000 0.000000 12.000000 -28.002580 -4.390195 -0.418688 18.000000 -1.045285 0.000000 -1.663294 -0.418114 -0.001720 0.209057 3.344911 2.355925 0.000000 8.000000 0.000000 0.000000 -12.090569 0.209057 0.000000 0.836228 0.000000 -0.209057 -3.344911 -2.355925 0.000000 13.017366 0.000000 0.000000 -10.000000 -0.209057 0.000000 0.000000 0.000000
-0.942047 1.016842 34.988006 0.831647 0.813473 -0.942047 1.039558 0.007995 0.836228 -0.831647 0.005710 -1.254342 0.209057 -0.005710 -0.418688 -0.623735 0.313585 0.329717 8.000000 0.000000 -12.000000 28.020558 8.732291 0.836228 -26.732291 2.079117 0.000000 3.253893 0.831647 0.013705 -8.000000 0.000000 12.000000 -28.020558 -8.732291 -0.836228 18.000000 -2.079117 0.000000 -3.253893 -0.831647 -0.013705 0.415823 6.653174 4.710236 0.000000 8.000000 0.000000 0.000000 -14.158234 0.415823 0.000000 1.663294 0.000000 -0.415823 -6.653174 -4.710236 0.000000 17.979761 0.000000 0.000000 -10.000000 -0.415823 0.000000 0.000000 0.000000
-1.412264 1.469463 34.973016 1.236068 1.175571 -1.412264 1.545085 0.026798 1.251476 -1.236068 0.019141 -1.877214 0.312869 -0.019141 -0.627673 -0.927051 0.469303 0.494292 8.000000 0.000000 -12.000000 28.068908 12.978714 1.251476 -30.978714 3.090170 0.000000 4.702282 1.236068 0.045939 -8.000000 0.000000 12.000000 -28.068908 -12.978714 -1.251476 18.000000 -3.090170 0.000000 -4.702282 -1.236068 -0.045939 0.618034 9.888544 7.061319 0.000000 8.000000 0.000000 0.000000 -16.180340 0.618034 0.000000 2.472136 0.000000 -0.618034 -9.888544 -7.061319 0.000000 22.832816 0.000000 0.000000 -10.000000 -0.618034 0.000000 0.000000 0.000000
-1.881512 1.857862 34.952034 1.626947 1.486290 -1.881512 2.033683 0.062912 1.663294 -1.626947 0.044937 -2.494940 0.415823 -0.044937 -0.836228 -1.220210 0.623735 0.658529 8.000000 0.000000 -12.000000 28.161774 17.082939 1.663294 -35.082939 4.067366 0.000000 5.945159 1.626947 0.107849 -8.000000 0.000000 12.000000 -28.161774 -17.082939 -1.663294 18.000000 -4.067366 0.000000 -5.945159 -1.626947 -0.107849 0.813473 13.015573 9.407562 0.000000 8.000000 0.000000 0.000000 -18.134733 0.813473 0.000000 3.253893 0.000000 -0.813473 -13.015573 -9.407562 0.000000 27.523359 0.000000 0.000000 -10.000000 -0.813473 0.000000 0.000000 0.000000
-2.349471 2.165064 34.925062 2.000000 1.732051 -2.349471 2.500000 0.121363 2.070552 -2.000000 0.086688 -3.105829 0.517638 -0.086688 -1.044210 -1.500000 0.776457 0.822315 8.000000 0.000000 -12.000000 28.312077 21.000000 2.070552 -39.000000 5.000000 0.000000 6.928203 2.000000 0.208051 -8.000000 0.000000 12.000000 -28.312077 -21.000000 -2.070552 18.000000 -5.000000 0.000000 -6.928203 -2.000000 -0.208051 1.000000 16.000000 11.747357 0.000000 8.000000 0.000000 0.000000 -20.000000 1.000000 0.000000 4.000000 0.000000 -1.000000 -16.000000 -11.747357 0.000000 32.000000 0.000000 0.000000 -10.000000 -1.000000 0.000000 0.000000 0.000000
-2.815820 2.377641 34.892107 2.351141 1.902113 -2.815820 2.938926 0.206559 2.472136 -2.351141 0.147542 -3.708204 0.618034 -0.147542 -1.251476 -1.763356 0.927051 0.985537 8.000000 0.000000 -12.000000 28.531153 24.686981 2.472136 -42.686981 5.877853 0.000000 7.608452 2.351141 0.354102 -8.000000 0.000000 12.000000 -28.531153 -24.686981 -2.472136 18.000000 -5.877853 0.000000 -7.608452 -2.351141 -0.354102 1.175571 18.809128 14.079102 0.000000 8.000000 0.000000 0.000000 -21.755705 1.175571 0.000000 4.702282 0.000000 -1.175571 -18.809128 -14.079102 0.000000 36.213692 0.000000 0.000000 -10.000000 -1.175571 0.000000 0.000000 0.000000
-3.280239 2.486305 34.853172 2.676522 1.989044 -3.280239 3.345653 0.322170 2.866944 -2.676522 0.230122 -4.300415 0.716736 -0.230122 -1.457884 -2.007392 1.075104 1.148084 8.000000 0.000000 -12.000000 28.828438 28.103485 2.866944 -46.103485 6.691306 0.000000 7.956175 2.676522 0.552292 -8.000000 0.000000 12.000000 -28.828438 -28.103485 -2.866944 18.000000 -6.691306 0.000000 -7.956175 -2.676522 -0.552292 1.338261 21.412179 16.401197 0.000000 8.000000 0.000000 0.000000 -23.382612 1.338261 0.000000 5.353045 0.000000 -1.338261 -21.412179 -16.401197 0.000000 40.118269 0.000000 0.000000 -10.000000 -1.338261 0.000000 0.000000 0.000000
-3.742410 2.486305 34.808266 2.972579 1.989044 -3.742410 3.715724 0.471018 3.253893 -2.972579 0.336442 -4.880840 0.813473 -0.336442 -1.663294 -2.229434 1.220210 1.309844 8.000000 0.000000 -12.000000 29.211190 31.212083 3.253893 -49.212083 7.431448 0.000000 7.956175 2.972579 0.807460 -8.000000 0.000000 12.000000 -29.211190 -31.212083 -3.253893 18.000000 -7.431448 0.000000 -7.956175 -2.972579 -0.807460 1.486290 23.780634 18.712052 0.000000 8.000000 0.000000 0.000000 -24.862897 1.486290 0.000000 5.945159 0.000000 -1.486290 -23.780634 -18.712052 0.000000 43.670952 0.000000 0.000000 -10.000000 -1.486290 0.000000 0.000000 0.000000
-4.202017 2.377641 34.757396 3.236068 1.902113 -4.202017 4.045085 0.654996 3.631924 -3.236068 0.467854 -5.447886 0.907981 -0.467854 -1.867563 -2.427051 1.361971 1.470706 8.000000 0.000000 -12.000000 29.684274 33.978714 3.631924 -51.978714 8.090170 0.000000 7.608452 3.236068 1.122849 -8.000000 0.000000 12.000000 -29.684274 -33.978714 -3.631924 18.000000 -8.090170 0.000000 -7.608452 -3.236068 -1.122849 1.618034 25.888544 21.010083 0.000000 8.000000 0.000000 0.000000 -26.180340 1.618034 0.000000 6.472136 0.000000 -1.618034 -25.888544 -21.010083 0.000000 46.832816 0.000000 0.000000 -10.000000 -1.618034 0.000000 0.000000 0.000000
-4.658743 2.165064 34.700570 3.464102 1.732051 -4.658743 4.330127 0.875000 4.000000 -3.464102 0.625000 -6.000000 1.000000 -0.625000 -2.070552 -2.598076 1.500000 1.630560 8.000000 0.000000 -12.000000 30.250000 36.373067 4.000000 -54.373067 8.660254 0.000000 6.928203 3.464102 1.500000 -8.000000 0.000000 12.000000 -30.250000 -36.373067 -4.000000 18.000000 -8.660254 0.000000 -6.928203 -3.464102 -1.500000 1.732051 27.712813 23.293714 0.000000 8.000000 0.000000 0.000000 -27.320508 1.732051 0.000000 6.928203 0.000000 -1.732051 -27.712813 -23.293714 0.000000 49.569219 0.000000 0.000000 -10.000000 -1.732051 0.000000 0.000000 0.000000
-5.112276 1.857862 34.637799 3.654182 1.486290 -5.112276 4.567727 1.130900 4.357112 -3.654182 0.807786 -6.535668 1.089278 -0.807786 -2.272123 -2.740636 1.633917 1.789297 8.000000 0.000000 -12.000000 30.908029 38.368909 4.357112 -56.368909 9.135455 0.000000 5.945159 3.654182 1.938686 -8.000000 0.000000 12.000000 -30.908029 -38.368909 -4.357112 18.000000 -9.135455 0.000000 -5.945159 -3.654182 -1.938686 1.827091 29.233455 25.561381 0.000000 8.000000 0.000000 0.000000 -28.270909 1.827091 0.000000 7.308364 0.000000 -1.827091 -29.233455 -25.561381 0.000000 51.850182 0.000000 0.000000 -10.000000 -1.827091 0.000000 0.000000 0.000000
-5.562306 1.469463 34.569092 3.804226 1.175571 -5.562306 4.755283 1.421524 4.702282 -3.804226 1.015374 -7.053423 1.175571 -1.015374 -2.472136 -2.853170 1.763356 1.946807 8.000000 0.000000 -12.000000 31.655347 39.944374 4.702282 -57.944374 9.510565 0.000000 4.702282 3.804226 2.436898 -8.000000 0.000000 12.000000 -31.655347 -39.944374 -4.702282 18.000000 -9.510565 0.000000 -4.702282 -3.804226 -2.436898 1.902113 30.433809 27.811529 0.000000 8.000000 0.000000 0.000000 -29.021130 1.902113 0.000000 7.608452 0.000000 -1.902113 -30.433809 -27.811529 0.000000 53.650713 0.000000 0.000000 -10.000000 -1.902113 0.000000 0.000000 0.000000
-6.008523 1.016842 34.494462 3.912590 0.813473 -6.008523 4.890738 1.744671 5.034563 -3.912590 1.246193 -7.551845 1.258641 -1.246193 -2.670455 -2.934443 1.887961 2.102983 8.000000 0.000000 -12.000000 32.486296 41.082199 5.034563 -59.082199 9.781476 0.000000 3.253893 3.912590 2.990864 -8.000000 0.000000 12.000000 -32.486296 -41.082199 -5.034563 18.000000 -9.781476 0.000000 -3.253893 -3.912590 -2.990864 1.956295 31.300723 30.042617 0.000000 8.000000 0.000000 0.000000 -29.562952 1.956295 0.000000 7.825181 0.000000 -1.956295 -31.300723 -30.042617 0.000000 54.951085 0.000000 0.000000 -10.000000 -1.956295 0.000000 0.000000 0.000000
-6.450623 0.519779 34.413922 3.978088 0.415823 -6.450623 4.972609 2.097156 5.353045 -3.978088 1.497969 -8.029567 1.338261 -1.497969 -2.866944 -2.983566 2.007392 2.257718 8.000000 0.000000 -12.000000 33.392687 41.769920 5.353045 -59.769920 9.945219 0.000000 1.663294 3.978088 3.595124 -8.000000 0.000000 12.000000 -33.392687 -41.769920 -5.353045 18.000000 -9.945219 0.000000 -1.663294 -3.978088 -3.595124 1.989044 31.824701 32.253115 0.000000 8.000000 0.000000 0.000000 -29.890438 1.989044 0.000000 7.956175 0.000000 -1.989044 -31.824701 -32.253115 0.000000 55.737051 0.000000 0.000000 -10.000000 -1.989044 0.000000 0.000000 0.000000
-6.888302 0.000000 34.327485 4.000000 0.000000 -6.888302 5.000000 2.474874 5.656854 -4.000000 1.767767 -8.485281 1.414214 -1.767767 -3.061467 -3.000000 2.121320 2.410906 8.000000 0.000000 -12.000000 34.363961 42.000000 5.656854 -60.000000 10.000000 0.000000 0.000000 4.000000 4.242641 -8.000000 0.000000 12.000000 -34.363961 -42.000000 -5.656854 18.000000 -10.000000 0.000000 -0.000000 -4.000000 -4.242641 2.000000 32.000000 34.441509 0.000000 8.000000 0.000000 0.000000 -30.000000 2.000000 0.000000 8.000000 0.000000 -2.000000 -32.000000 -34.441509 0.000000 56.000000 0.000000 0.000000 -10.000000 -2.000000 0.000000 0.000000 0.000000
-7.321260 0.519779 34.235166 3.978088 -0.415823 -7.321260 4.972609 2.872886 5.945159 -3.978088 2.052062 -8.917738 1.486290 -2.052062 -3.253893 -2.983566 2.229434 2.562441 8.000000 0.000000 -12.000000 35.387422 41.769920 5.945159 -59.769920 9.945219 0.000000 -1.663294 3.978088 4.924948 -8.000000 0.000000 12.000000 -35.387422 -41.769920 -5.945159 18.000000 -9.945219 0.000000 1.663294 -3.978088 -4.924948 1.989044 31.824701 36.606298 0.000000 8.000000 0.000000 0.000000 -29.890438 1.989044 0.000000 7.956175 0.000000 -1.989044 -31.824701 -36.606298 0.000000 55.737051 0.000000 0.000000 -10.000000 -1.989044 0.000000 0.000000 0.000000
-7.749200 1.016842 34.136981 3.912590 -0.813473 -7.749200 4.890738 3.285533 6.217168 -3.912590 2.346809 -9.325752 1.554292 -2.346809 -3.444089 -2.934443 2.331438 2.712220 8.000000 0.000000 -12.000000 36.448513 41.082199 6.217168 -59.082199 9.781476 0.000000 -3.253893 3.912590 5.632342 -8.000000 0.000000 12.000000 -36.448513 -41.082199 -6.217168 18.000000 -9.781476 0.000000 3.253893 -3.912590 -5.632342 1.956295 31.300723 38.745999 0.000000 8.000000 0.000000 0.000000 -29.562952 1.956295 0.000000 7.825181 0.000000 -1.956295 -31.300723 -38.745999 0.000000 54.951085 0.000000 0.000000 -10.000000 -1.956295 0.000000 0.000000 0.000000
-8.171829 1.469463 34.032947 3.804226 -1.175571 -8.171829 4.755283 3.706559 6.472136 -3.804226 2.647542 -9.708204 1.618034 -2.647542 -3.631924 -2.853170 2.427051 2.860140 8.000000 0.000000 -12.000000 37.531153 39.944374 6.472136 -57.944374 9.510565 0.000000 -4.702282 3.804226 6.354102 -8.000000 0.000000 12.000000 -37.531153 -39.944374 -6.472136 18.000000 -9.510565 0.000000 4.702282 -3.804226 -6.354102 1.902113 30.433809 40.859145 0.000000 8.000000 0.000000 0.000000 -29.021130 1.902113 0.000000 7.608452 0.000000 -1.902113 -30.433809 -40.859145 0.000000 53.650713 0.000000 0.000000 -10.000000 -1.902113 0.000000 0.000000 0.000000
-8.588858 1.857862 33.923082 3.654182 -1.486290 -8.588858 4.567727 4.129260 6.709365 -3.654182 2.949472 -10.064047 1.677341 -2.949472 -3.817270 -2.740636 2.516012 3.006100 8.000000 0.000000 -12.000000 38.618098 38.368909 6.709365 -56.368909 9.135455 0.000000 -5.945159 3.654182 7.078732 -8.000000 0.000000 12.000000 -38.618098 -38.368909 -6.709365 18.000000 -9.135455 0.000000 5.945159 -3.654182 -7.078732 1.827091 29.233455 42.944288 0.000000 8.000000 0.000000 0.000000 -28.270909 1.827091 0.000000 7.308364 0.000000 -1.827091 -29.233455 -42.944288 0.000000 51.850182 0.000000 0.000000 -10.000000 -1.827091 0.000000 0.000000 0.000000
-9.000000 2.165064 33.807404 3.464102 -1.732051 -9.000000 4.330127 4.546633 6.928203 -3.464102 3.247595 -10.392305 1.732051 -3.247595 -4.000000 -2.598076 2.598076 3.150000 8.000000 0.000000 -12.000000 39.691343 36.373067 6.928203 -54.373067 8.660254 0.000000 -6.928203 3.464102 7.794229 -8.000000 0.000000 12.000000 -39.691343 -36.373067 -6.928203 18.000000 -8.660254 0.000000 6.928203 -3.464102 -7.794229 1.732051 27.712813 45.000000 0.000000 8.000000 0.000000 0.000000 -27.320508 1.732051 0.000000 6.928203 0.000000 -1.732051 -27.712813 -45.000000 0.000000 49.569219 0.000000 0.000000 -10.000000 -1.732051 0.000000 0.000000 0.000000
-9.404974 2.377641 33.685933 3.236068 -1.902113 -9.404974 4.045085 4.951545 7.128052 -3.236068 3.536818 -10.692078 1.782013 -3.536818 -4.179989 -2.427051 2.673020 3.291741 8.000000 0.000000 -12.000000 40.732543 33.978714 7.128052 -51.978714 8.090170 0.000000 -7.608452 3.236068 8.488362 -8.000000 0.000000 12.000000 -40.732543 -33.978714 -7.128052 18.000000 -8.090170 0.000000 7.608452 -3.236068 -8.488362 1.618034 25.888544 47.024871 0.000000 8.000000 0.000000 0.000000 -26.180340 1.618034 0.000000 6.472136 0.000000 -1.618034 -25.888544 -47.024871 0.000000 46.832816 0.000000 0.000000 -10.000000 -1.618034 0.000000 0.000000 0.000000
-9.803503 2.486305 33.558691 2.972579 -1.989044 -9.803503 3.715724 5.336893 7.308364 -2.972579 3.812067 -10.962545 1.827091 -3.812067 -4.357112 -2.229434 2.740636 3.431226 8.000000 0.000000 -12.000000 41.723440 31.212083 7.308364 -49.212083 7.431448 0.000000 -7.956175 2.972579 9.148960 -8.000000 0.000000 12.000000 -41.723440 -31.212083 -7.308364 18.000000 -7.431448 0.000000 7.956175 -2.972579 -9.148960 1.486290 23.780634 49.017513 0.000000 8.000000 0.000000 0.000000 -24.862897 1.486290 0.000000 5.945159 0.000000 -1.486290 -23.780634 -49.017513 0.000000 43.670952 0.000000 0.000000 -10.000000 -1.486290 0.000000 0.000000 0.000000
-10.195312 2.486305 33.425698 2.676522 -1.989044 -10.195312 3.345653 5.695781 7.468643 -2.676522 4.068415 -11.202965 1.867161 -4.068415 -4.531250 -2.007392 2.800741 3.568359 8.000000 0.000000 -12.000000 42.646293 28.103485 7.468643 -46.103485 6.691306 0.000000 -7.956175 2.676522 9.764195 -8.000000 0.000000 12.000000 -42.646293 -28.103485 -7.468643 18.000000 -6.691306 0.000000 7.956175 -2.676522 -9.764195 1.338261 21.412179 50.976561 0.000000 8.000000 0.000000 0.000000 -23.382612 1.338261 0.000000 5.353045 0.000000 -1.338261 -21.412179 -50.976561 0.000000 40.118269 0.000000 0.000000 -10.000000 -1.338261 0.000000 0.000000 0.000000
-10.580135 2.377641 33.286978 2.351141 -1.902113 -10.580135 2.938926 6.021671 7.608452 -2.351141 4.301194 -11.412678 1.902113 -4.301194 -4.702282 -1.763356 2.853170 3.703047 8.000000 0.000000 -12.000000 43.484297 24.686981 7.608452 -42.686981 5.877853 0.000000 -7.608452 2.351141 10.322864 -8.000000 0.000000 12.000000 -43.484297 -24.686981 -7.608452 18.000000 -5.877853 0.000000 7.608452 -2.351141 -10.322864 1.175571 18.809128 52.900673 0.000000 8.000000 0.000000 0.000000 -21.755705 1.175571 0.000000 4.702282 0.000000 -1.175571 -18.809128 -52.900673 0.000000 36.213692 0.000000 0.000000 -10.000000 -1.175571 0.000000 0.000000 0.000000
-10.957706 2.165064 33.142555 2.000000 -1.732051 -10.957706 2.500000 6.308547 7.727407 -2.000000 4.506105 -11.591110 1.931852 -4.506105 -4.870091 -1.500000 2.897777 3.835197 8.000000 0.000000 -12.000000 44.221979 21.000000 7.727407 -39.000000 5.000000 0.000000 -6.928203 2.000000 10.814653 -8.000000 0.000000 12.000000 -44.221979 -21.000000 -7.727407 18.000000 -5.000000 0.000000 6.928203 -2.000000 -10.814653 1.000000 16.000000 54.788529 0.000000 8.000000 0.000000 0.000000 -20.000000 1.000000 0.000000 4.000000 0.000000 -1.000000 -16.000000 -54.788529 0.000000 32.000000 0.000000 0.000000 -10.000000 -1.000000 0.000000 0.000000 0.000000
-11.327767 1.857862 32.992452 1.626947 -1.486290 -11.327767 2.033683 6.551055 7.825181 -1.626947 4.679325 -11.737771 1.956295 -4.679325 -5.034563 -1.220210 2.934443 3.964718 8.000000 0.000000 -12.000000 44.845569 17.082939 7.825181 -35.082939 4.067366 0.000000 -5.945159 1.626947 11.230379 -8.000000 0.000000 12.000000 -44.845569 -17.082939 -7.825181 18.000000 -4.067366 0.000000 5.945159 -1.626947 -11.230379 0.813473 13.015573 56.638835 0.000000 8.000000 0.000000 0.000000 -18.134733 0.813473 0.000000 3.253893 0.000000 -0.813473 -13.015573 -56.638835 0.000000 27.523359 0.000000 0.000000 -10.000000 -0.813473 0.000000 0.000000 0.000000
-11.690065 1.469463 32.836697 1.236068 -1.175571 -11.690065 1.545085 6.744625 7.901507 -1.236068 4.817589 -11.852260 1.975377 -4.817589 -5.195584 -0.927051 2.963065 4.091523 8.000000 0.000000 -12.000000 45.343322 12.978714 7.901507 -30.978714 3.090170 0.000000 -4.702282 1.236068 11.562215 -8.000000 0.000000 12.000000 -45.343322 -12.978714 -7.901507 18.000000 -3.090170 0.000000 4.702282 -1.236068 -11.562215 0.618034 9.888544 58.450324 0.000000 8.000000 0.000000 0.000000 -16.180340 0.618034 0.000000 2.472136 0.000000 -0.618034 -9.888544 -58.450324 0.000000 22.832816 0.000000 0.000000 -10.000000 -0.618034 0.000000 0.000000 0.000000
-12.044351 1.016842 32.675315 0.831647 -0.813473 -12.044351 1.039558 6.885589 7.956175 -0.831647 4.918278 -11.934263 1.989044 -4.918278 -5.353045 -0.623735 2.983566 4.215523 8.000000 0.000000 -12.000000 45.705800 8.732291 7.956175 -26.732291 2.079117 0.000000 -3.253893 0.831647 11.803867 -8.000000 0.000000 12.000000 -45.705800 -8.732291 -7.956175 18.000000 -2.079117 0.000000 3.253893 -0.831647 -11.803867 0.415823 6.653174 60.221755 0.000000 8.000000 0.000000 0.000000 -14.158234 0.415823 0.000000 1.663294 0.000000 -0.415823 -6.653174 -60.221755 0.000000 17.979761 0.000000 0.000000 -10.000000 -0.415823 0.000000 0.000000 0.000000
-12.390382 0.519779 32.508334 0.418114 -0.415823 -12.390382 0.522642 6.971260 7.989036 -0.418114 4.979471 -11.983554 1.997259 -4.979471 -5.506837 -0.313585 2.995889 4.336634 8.000000 0.000000 -12.000000 45.926096 4.390195 7.989036 -22.390195 1.045285 0.000000 -1.663294 0.418114 11.950731 -8.000000 0.000000 12.000000 -45.926096 -4.390195 -7.989036 18.000000 -1.045285 0.000000 1.663294 -0.418114 -11.950731 0.209057 3.344911 61.951912 0.000000 8.000000 0.000000 0.000000 -12.090569 0.209057 0.000000 0.836228 0.000000 -0.209057 -3.344911 -61.951912 0.000000 13.017366 0.000000 0.000000 -10.000000 -0.209057 0.000000 0.000000 0.000000
-12.727922 0.000000 32.335784 0.000000 -0.000000 -12.727922 0.000000 7.000000 8.000000 -0.000000 5.000000 -12.000000 2.000000 -5.000000 -5.656854 -0.000000 3.000000 4.454773 8.000000 0.000000 -12.000000 46.000000 0.000000 8.000000 -18.000000 0.000000 0.000000 -0.000000 0.000000 12.000000 -8.000000 0.000000 12.000000 -46.000000 -0.000000 -8.000000 18.000000 -0.000000 0.000000 0.000000 -0.000000 -12.000000 0.000000 0.000000 63.639610 0.000000 8.000000 0.000000 0.000000 -10.000000 0.000000 0.000000 0.000000 0.000000 -0.000000 -0.000000 -63.639610 0.000000 8.000000 0.000000 0.000000 -10.000000 -0.000000 0.000000 0.000000 0.000000
-13.056739 0.519779 32.157692 -0.418114 0.415823 -13.056739 -0.522642 6.971260 7.989036 0.418114 4.979471 -11.983554 1.997259 -4.979471 -5.802995 0.313585 2.995889 4.569859 8.000000 0.000000 -12.000000 45.926096 -4.390195 7.989036 -18.000000 -1.045285 0.000000 1.663294 -0.418114 11.950731 -8.000000 0.000000 12.000000 -45.926096 4.390195 -7.989036 22.390195 1.045285 0.000000 -1.663294 0.418114 -11.950731 -0.209057 -3.344911 65.283693 0.000000 13.017366 0.000000 0.000000 -10.000000 -0.209057 0.000000 0.000000 0.000000 0.209057 3.344911 -65.283693 0.000000 8.000000 0.000000 0.000000 -12.090569 0.209057 0.000000 0.836228 0.000000
-13.376607 1.016842 31.974091 -0.831647 0.813473 -13.376607 -1.039558 6.885589 7.956175 0.831647 4.918278 -11.934263 1.989044 -4.918278 -5.945159 0.623735 2.983566 4.681812 8.000000 0.000000 -12.000000 45.705800 -8.732291 7.956175 -18.000000 -2.079117 0.000000 3.253893 -0.831647 11.803867 -8.000000 0.000000 12.000000 -45.705800 8.732291 -7.956175 26.732291 2.079117 0.000000 -3.253893 0.831647 -11.803867 -0.415823 -6.653174 66.883034 0.000000 17.979761 0.000000 0.000000 -10.000000 -0.415823 0.000000 0.000000 0.000000 0.415823 6.653174 -66.883034 0.000000 8.000000 0.000000 0.000000 -14.158234 0.415823 0.000000 1.663294 0.000000
-13.687307 1.469463 31.785011 -1.236068 1.175571 -13.687307 -1.545085 6.744625 7.901507 1.236068 4.817589 -11.852260 1.975377 -4.817589 -6.083248 0.927051 2.963065 4.790558 8.000000 0.000000 -12.000000 45.343322 -12.978714 7.901507 -18.000000 -3.090170 0.000000 4.702282 -1.236068 11.562215 -8.000000 0.000000 12.000000 -45.343322 12.978714 -7.901507 30.978714 3.090170 0.000000 -4.702282 1.236068 -11.562215 -0.618034 -9.888544 68.436537 0.000000 22.832816 0.000000 0.000000 -10.000000 -0.618034 0.000000 0.000000 0.000000 0.618034 9.888544 -68.436537 0.000000 8.000000 0.000000 0.000000 -16.180340 0.618034 0.000000 2.472136 0.000000
-13.988627 1.857862 31.590485 -1.626947 1.486290 -13.988627 -2.033683 6.551055 7.825181 1.626947 4.679325 -11.737771 1.956295 -4.679325 -6.217168 1.220210 2.934443 4.896020 8.000000 0.000000 -12.000000 44.845569 -17.082939 7.825181 -18.000000 -4.067366 0.000000 5.945159 -1.626947 11.230379 -8.000000 0.000000 12.000000 -44.845569 17.082939 -7.825181 35.082939 4.067366 0.000000 -5.945159 1.626947 -11.230379 -0.813473 -13.015573 69.943137 0.000000 27.523359 0.000000 0.000000 -10.000000 -0.813473 0.000000 0.000000 0.000000 0.813473 13.015573 -69.943137 0.000000 8.000000 0.000000 0.000000 -18.134733 0.813473 0.000000 3.253893 0.000000
-14.280360 2.165064 31.390546 -2.000000 1.732051 -14.280360 -2.500000 6.308547 7.727407 2.000000 4.506105 -11.591110 1.931852 -4.506105 -6.346827 1.500000 2.897777 4.998126 8.000000 0.000000 -12.000000 44.221979 -21.000000 7.727407 -18.000000 -5.000000 0.000000 6.928203 -2.000000 10.814653 -8.000000 0.000000 12.000000 -44.221979 21.000000 -7.727407 39.000000 5.000000 0.000000 -6.928203 2.000000 -10.814653 -1.000000 -16.000000 71.401801 0.000000 32.000000 0.000000 0.000000 -10.000000 -1.000000 0.000000 0.000000 0.000000 1.000000 16.000000 -71.401801 0.000000 8.000000 0.000000 0.000000 -20.000000 1.000000 0.000000 4.000000 0.000000
-14.562306 2.377641 31.185228 -2.351141 1.902113 -14.562306 -2.938926 6.021671 7.608452 2.351141 4.301194 -11.412678 1.902113 -4.301194 -6.472136 1.763356 2.853170 5.096807 8.000000 0.000000 -12.000000 43.484297 -24.686981 7.608452 -18.000000 -5.877853 0.000000 7.608452 -2.351141 10.322864 -8.000000 0.000000 12.000000 -43.484297 24.686981 -7.608452 42.686981 5.877853 0.000000 -7.608452 2.351141 -10.322864 -1.175571 -18.809128 72.811529 0.000000 36.213692 0.000000 0.000000 -10.000000 -1.175571 0.000000 0.000000 0.000000 1.175571 18.809128 -72.811529 0.000000 8.000000 0.000000 0.000000 -21.755705 1.175571 0.000000 4.702282 0.000000
-14.834271 2.486305 30.974567 -2.676522 1.989044 -14.834271 -3.345653 5.695781 7.468643 2.676522 4.068415 -11.202965 1.867161 -4.068415 -6.593010 2.007392 2.800741 5.191995 8.000000 0.000000 -12.000000 42.646293 -28.103485 7.468643 -18.000000 -6.691306 0.000000 7.956175 -2.676522 9.764195 -8.000000 0.000000 12.000000 -42.646293 28.103485 -7.468643 46.103485 6.691306 0.000000 -7.956175 2.676522 -9.764195 -1.338261 -21.412179 74.171357 0.000000 40.118269 0.000000 0.000000 -10.000000 -1.338261 0.000000 0.000000 0.000000 1.338261 21.412179 -74.171357 0.000000 8.000000 0.000000 0.000000 -23.382612 1.338261 0.000000 5.353045 0.000000
-15.096070 2.486305 30.758599 -2.972579 1.989044 -15.096070 -3.715724 5.336893 7.308364 2.972579 3.812067 -10.962545 1.827091 -3.812067 -6.709365 2.229434 2.740636 5.283625 8.000000 0.000000 -12.000000 41.723440 -31.212083 7.308364 -18.000000 -7.431448 0.000000 7.956175 -2.972579 9.148960 -8.000000 0.000000 12.000000 -41.723440 31.212083 -7.308364 49.212083 7.431448 0.000000 -7.956175 2.972579 -9.148960 -1.486290 -23.780634 75.480351 0.000000 43.670952 0.000000 0.000000 -10.000000 -1.486290 0.000000 0.000000 0.000000 1.486290 23.780634 -75.480351 0.000000 8.000000 0.000000 0.000000 -24.862897 1.486290 0.000000 5.945159 0.000000
-15.347523 2.377641 30.537360 -3.236068 1.902113 -15.347523 -4.045085 4.951545 7.128052 3.236068 3.536818 -10.692078 1.782013 -3.536818 -6.821121 2.427051 2.673020 5.371633 8.000000 0.000000 -12.000000 40.732543 -33.978714 7.128052 -18.000000 -8.090170 0.000000 7.608452 -3.236068 8.488362 -8.000000 0.000000 12.000000 -40.732543 33.978714 -7.128052 51.978714 8.090170 0.000000 -7.608452 3.236068 -8.488362 -1.618034 -25.888544 76.737615 0.000000 46.832816 0.000000 0.000000 -10.000000 -1.618034 0.000000 0.000000 0.000000 1.618034 25.888544 -76.737615 0.000000 8.000000 0.000000 0.000000 -26.180340 1.618034 0.000000 6.472136 0.000000
-15.588457 2.165064 30.310889 -3.464102 1.732051 -15.588457 -4.330127 4.546633 6.928203 3.464102 3.247595 -10.392305 1.732051 -3.247595 -6.928203 2.598076 2.598076 5.455960 8.000000 0.000000 -12.000000 39.691343 -36.373067 6.928203 -18.000000 -8.660254 0.000000 6.928203 -3.464102 7.794229 -8.000000 0.000000 12.000000 -39.691343 36.373067 -6.928203 54.373067 8.660254 0.000000 -6.928203 3.464102 -7.794229 -1.732051 -27.712813 77.942286 0.000000 49.569219 0.000000 0.000000 -10.000000 -1.732051 0.000000 0.000000 0.000000 1.732051 27.712813 -77.942286 0.000000 8.000000 0.000000 0.000000 -27.320508 1.732051 0.000000 6.928203 0.000000
-15.818708 1.857862 30.079224 -3.654182 1.486290 -15.818708 -4.567727 4.129260 6.709365 3.654182 2.949472 -10.064047 1.677341 -2.949472 -7.030537 2.740636 2.516012 5.536548 8.000000 0.000000 -12.000000 38.618098 -38.368909 6.709365 -18.000000 -9.135455 0.000000 5.945159 -3.654182 7.078732 -8.000000 0.000000 12.000000 -38.618098 38.368909 -6.709365 56.368909 9.135455 0.000000 -5.945159 3.654182 -7.078732 -1.827091 -29.233455 79.093540 0.000000 51.850182 0.000000 0.000000 -10.000000 -1.827091 0.000000 0.000000 0.000000 1.827091 29.233455 -79.093540 0.000000 8.000000 0.000000 0.000000 -28.270909 1.827091 0.000000 7.308364 0.000000
-16.038117 1.469463 29.842406 -3.804226 1.175571 -16.038117 -4.755283 3.706559 6.472136 3.804226 2.647542 -9.708204 1.618034 -2.647542 -7.128052 2.853170 2.427051 5.613341 8.000000 0.000000 -12.000000 37.531153 -39.944374 6.472136 -18.000000 -9.510565 0.000000 4.702282 -3.804226 6.354102 -8.000000 0.000000 12.000000 -37.531153 39.944374 -6.472136 57.944374 9.510565 0.000000 -4.702282 3.804226 -6.354102 -1.902113 -30.433809 80.190587 0.000000 53.650713 0.000000 0.000000 -10.000000 -1.902113 0.000000 0.000000 0.000000 1.902113 30.433809 -80.190587 0.000000 8.000000 0.000000 0.000000 -29.021130 1.902113 0.000000 7.608452 0.000000
-16.246535 1.016842 29.600474 -3.912590 0.813473 -16.246535 -4.890738 3.285533 6.217168 3.912590 2.346809 -9.325752 1.554292 -2.346809 -7.220682 2.934443 2.331438 5.686287 8.000000 0.000000 -12.000000 36.448513 -41.082199 6.217168 -18.000000 -9.781476 0.000000 3.253893 -3.912590 5.632342 -8.000000 0.000000 12.000000 -36.448513 41.082199 -6.217168 59.082199 9.781476 0.000000 -3.253893 3.912590 -5.632342 -1.956295 -31.300723 81.232676 0.000000 54.951085 0.000000 0.000000 -10.000000 -1.956295 0.000000 0.000000 0.000000 1.956295 31.300723 -81.232676 0.000000 8.000000 0.000000 0.000000 -29.562952 1.956295 0.000000 7.825181 0.000000
-16.443818 0.519779 29.353470 -3.978088 0.415823 -16.443818 -4.972609 2.872886 5.945159 3.978088 2.052062 -8.917738 1.486290 -2.052062 -7.308364 2.983566 2.229434 5.755336 8.000000 0.000000 -12.000000 35.387422 -41.769920 5.945159 -18.000000 -9.945219 0.000000 1.663294 -3.978088 4.924948 -8.000000 0.000000 12.000000 -35.387422 41.769920 -5.945159 59.769920 9.945219 0.000000 -1.663294 3.978088 -4.924948 -1.989044 -31.824701 82.219091 0.000000 55.737051 0.000000 0.000000 -10.000000 -1.989044 0.000000 0.000000 0.000000 1.989044 31.824701 -82.219091 0.000000 8.000000 0.000000 0.000000 -29.890438 1.989044 0.000000 7.956175 0.000000
-16.629832 0.000000 29.101436 -4.000000 0.000000 -16.629832 -5.000000 2.474874 5.656854 4.000000 1.767767 -8.485281 1.414214 -1.767767 -7.391036 3.000000 2.121320 5.820441 8.000000 0.000000 -12.000000 34.363961 -42.000000 5.656854 -18.000000 -10.000000 0.000000 0.000000 -4.000000 4.242641 -8.000000 0.000000 12.000000 -34.363961 42.000000 -5.656854 60.000000 10.000000 0.000000 -0.000000 4.000000 -4.242641 -2.000000 -32.000000 83.149158 0.000000 56.000000 0.000000 0.000000 -10.000000 -2.000000 0.000000 0.000000 0.000000 2.000000 32.000000 -83.149158 0.000000 8.000000 0.000000 0.000000 -30.000000 2.000000 0.000000 8.000000 0.000000
-16.804448 0.519779 28.844417 -3.978088 -0.415823 -16.804448 -4.972609 2.097156 5.353045 3.978088 1.497969 -8.029567 1.338261 -1.497969 -7.468643 2.983566 2.007392 5.881557 8.000000 0.000000 -12.000000 33.392687 -41.769920 5.353045 -18.000000 -9.945219 0.000000 -1.663294 -3.978088 3.595124 -8.000000 0.000000 12.000000 -33.392687 41.769920 -5.353045 59.769920 9.945219 0.000000 1.663294 3.978088 -3.595124 -1.989044 -31.824701 84.022238 0.000000 55.737051 0.000000 0.000000 -10.000000 -1.989044 0.000000 0.000000 0.000000 1.989044 31.824701 -84.022238 0.000000 8.000000 0.000000 0.000000 -29.890438 1.989044 0.000000 7.956175 0.000000
-16.967547 1.016842 28.582454 -3.912590 -0.813473 -16.967547 -4.890738 1.744671 5.034563 3.912590 1.246193 -7.551845 1.258641 -1.246193 -7.541132 2.934443 1.887961 5.938641 8.000000 0.000000 -12.000000 32.486296 -41.082199 5.034563 -18.000000 -9.781476 0.000000 -3.253893 -3.912590 2.990864 -8.000000 0.000000 12.000000 -32.486296 41.082199 -5.034563 59.082199 9.781476 0.000000 3.253893 3.912590 -2.990864 -1.956295 -31.300723 84.837734 0.000000 54.951085 0.000000 0.000000 -10.000000 -1.956295 0.000000 0.000000 0.000000 1.956295 31.300723 -84.837734 0.000000 8.000000 0.000000 0.000000 -29.562952 1.956295 0.000000 7.825181 0.000000
-17.119017 1.469463 28.315595 -3.804226 -1.175571 -17.119017 -4.755283 1.421524 4.702282 3.804226 1.015374 -7.053423 1.175571 -1.015374 -7.608452 2.853170 1.763356 5.991656 8.000000 0.000000 -12.000000 31.655347 -39.944374 4.702282 -18.000000 -9.510565 0.000000 -4.702282 -3.804226 2.436898 -8.000000 0.000000 12.000000 -31.655347 39.944374 -4.702282 57.944374 9.510565 0.000000 4.702282 3.804226 -2.436898 -1.902113 -30.433809 85.595086 0.000000 53.650713 0.000000 0.000000 -10.000000 -1.902113 0.000000 0.000000 0.000000 1.902113 30.433809 -85.595086 0.000000 8.000000 0.000000 0.000000 -29.021130 1.902113 0.000000 7.608452 0.000000
-17.258755 1.857862 28.043883 -3.654182 -1.486290 -17.258755 -4.567727 1.130900 4.357112 3.654182 0.807786 -6.535668 1.089278 -0.807786 -7.670558 2.740636 1.633917 6.040564 8.000000 0.000000 -12.000000 30.908029 -38.368909 4.357112 -18.000000 -9.135455 0.000000 -5.945159 -3.654182 1.938686 -8.000000 0.000000 12.000000 -30.908029 38.368909 -4.357112 56.368909 9.135455 0.000000 5.945159 3.654182 -1.938686 -1.827091 -29.233455 86.293776 0.000000 51.850182 0.000000 0.000000 -10.000000 -1.827091 0.000000 0.000000 0.000000 1.827091 29.233455 -86.293776 0.000000 8.000000 0.000000 0.000000 -28.270909 1.827091 0.000000 7.308364 0.000000
-17.386665 2.165064 27.767367 -3.464102 -1.732051 -17.386665 -4.330127 0.875000 4.000000 3.464102 0.625000 -6.000000 1.000000 -0.625000 -7.727407 2.598076 1.500000 6.085333 8.000000 0.000000 -12.000000 30.250000 -36.373067 4.000000 -18.000000 -8.660254 0.000000 -6.928203 -3.464102 1.500000 -8.000000 0.000000 12.000000 -30.250000 36.373067 -4.000000 54.373067 8.660254 0.000000 6.928203 3.464102 -1.500000 -1.732051 -27.712813 86.933324 0.000000 49.569219 0.000000 0.000000 -10.000000 -1.732051 0.000000 0.000000 0.000000 1.732051 27.712813 -86.933324 0.000000 8.000000 0.000000 0.000000 -27.320508 1.732051 0.000000 6.928203 0.000000
-17.502659 2.377641 27.486093 -3.236068 -1.902113 -17.502659 -4.045085 0.654996 3.631924 3.236068 0.467854 -5.447886 0.907981 -0.467854 -7.778959 2.427051 1.361971 6.125930 8.000000 0.000000 -12.000000 29.684274 -33.978714 3.631924 -18.000000 -8.090170 0.000000 -7.608452 -3.236068 1.122849 -8.000000 0.000000 12.000000 -29.684274 33.978714 -3.631924 51.978714 8.090170 0.000000 7.608452 3.236068 -1.122849 -1.618034 -25.888544 87.513293 0.000000 46.832816 0.000000 0.000000 -10.000000 -1.618034 0.000000 0.000000 0.000000 1.618034 25.888544 -87.513293 0.000000 8.000000 0.000000 0.000000 -26.180340 1.618034 0.000000 6.472136 0.000000
-17.606657 2.486305 27.200109 -2.972579 -1.989044 -17.606657 -3.715724 0.471018 3.253893 2.972579 0.336442 -4.880840 0.813473 -0.336442 -7.825181 2.229434 1.220210 6.162330 8.000000 0.000000 -12.000000 29.211190 -31.212083 3.253893 -18.000000 -7.431448 0.000000 -7.956175 -2.972579 0.807460 -8.000000 0.000000 12.000000 -29.211190 31.212083 -3.253893 49.212083 7.431448 0.000000 7.956175 2.972579 -0.807460 -1.486290 -23.780634 88.033284 0.000000 43.670952 0.000000 0.000000 -10.000000 -1.486290 0.000000 0.000000 0.000000 1.486290 23.780634 -88.033284 0.000000 8.000000 0.000000 0.000000 -24.862897 1.486290 0.000000 5.945159 0.000000
-17.698588 2.486305 26.909464 -2.676522 -1.989044 -17.698588 -3.345653 0.322170 2.866944 2.676522 0.230122 -4.300415 0.716736 -0.230122 -7.866039 2.007392 1.075104 6.194506 8.000000 0.000000 -12.000000 28.828438 -28.103485 2.866944 -18.000000 -6.691306 0.000000 -7.956175 -2.676522 0.552292 -8.000000 0.000000 12.000000 -28.828438 28.103485 -2.866944 46.103485 6.691306 0.000000 7.956175 2.676522 -0.552292 -1.338261 -21.412179 88.492942 0.000000 40.118269 0.000000 0.000000 -10.000000 -1.338261 0.000000 0.000000 0.000000 1.338261 21.412179 -88.492942 0.000000 8.000000 0.000000 0.000000 -23.382612 1.338261 0.000000 5.353045 0.000000
-17.778390 2.377641 26.614209 -2.351141 -1.902113 -17.778390 -2.938926 0.206559 2.472136 2.351141 0.147542 -3.708204 0.618034 -0.147542 -7.901507 1.763356 0.927051 6.222437 8.000000 0.000000 -12.000000 28.531153 -24.686981 2.472136 -18.000000 -5.877853 0.000000 -7.608452 -2.351141 0.354102 -8.000000 0.000000 12.000000 -28.531153 24.686981 -2.472136 42.686981 5.877853 0.000000 7.608452 2.351141 -0.354102 -1.175571 -18.809128 88.891951 0.000000 36.213692 0.000000 0.000000 -10.000000 -1.175571 0.000000 0.000000 0.000000 1.175571 18.809128 -88.891951 0.000000 8.000000 0.000000 0.000000 -21.755705 1.175571 0.000000 4.702282 0.000000
-17.846008 2.165064 26.314393 -2.000000 -1.732051 -17.846008 -2.500000 0.121363 2.070552 2.000000 0.086688 -3.105829 0.517638 -0.086688 -7.931559 1.500000 0.776457 6.246103 8.000000 0.000000 -12.000000 28.312077 -21.000000 2.070552 -18.000000 -5.000000 0.000000 -6.928203 -2.000000 0.208051 -8.000000 0.000000 12.000000 -28.312077 21.000000 -2.070552 39.000000 5.000000 0.000000 6.928203 2.000000 -0.208051 -1.000000 -16.000000 89.230038 0.000000 32.000000 0.000000 0.000000 -10.000000 -1.000000 0.000000 0.000000 0.000000 1.000000 16.000000 -89.230038 0.000000 8.000000 0.000000 0.000000 -20.000000 1.000000 0.000000 4.000000 0.000000
-17.901394 1.857862 26.010069 -1.626947 -1.486290 -17.901394 -2.033683 0.062912 1.663294 1.626947 0.044937 -2.494940 0.415823 -0.044937 -7.956175 1.220210 0.623735 6.265488 8.000000 0.000000 -12.000000 28.161774 -17.082939 1.663294 -18.000000 -4.067366 0.000000 -5.945159 -1.626947 0.107849 -8.000000 0.000000 12.000000 -28.161774 17.082939 -1.663294 35.082939 4.067366 0.000000 5.945159 1.626947 -0.107849 -0.813473 -13.015573 89.506971 0.000000 27.523359 0.000000 0.000000 -10.000000 -0.813473 0.000000 0.000000 0.000000 0.813473 13.015573 -89.506971 0.000000 8.000000 0.000000 0.000000 -18.134733 0.813473 0.000000 3.253893 0.000000
-17.944512 1.469463 25.701288 -1.236068 -1.175571 -17.944512 -1.545085 0.026798 1.251476 1.236068 0.019141 -1.877214 0.312869 -0.019141 -7.975339 0.927051 0.469303 6.280579 8.000000 0.000000 -12.000000 28.068908 -12.978714 1.251476 -18.000000 -3.090170 0.000000 -4.702282 -1.236068 0.045939 -8.000000 0.000000 12.000000 -28.068908 12.978714 -1.251476 30.978714 3.090170 0.000000 4.702282 1.236068 -0.045939 -0.618034 -9.888544 89.722560 0.000000 22.832816 0.000000 0.000000 -10.000000 -0.618034 0.000000 0.000000 0.000000 0.618034 9.888544 -89.722560 0.000000 8.000000 0.000000 0.000000 -16.180340 0.618034 0.000000 2.472136 0.000000
-17.975332 1.016842 25.388103 -0.831647 -0.813473 -17.975332 -1.039558 0.007995 0.836228 0.831647 0.005710 -1.254342 0.209057 -0.005710 -7.989036 0.623735 0.313585 6.291366 8.000000 0.000000 -12.000000 28.020558 -8.732291 0.836228 -18.000000 -2.079117 0.000000 -3.253893 -0.831647 0.013705 -8.000000 0.000000 12.000000 -28.020558 8.732291 -0.836228 26.732291 2.079117 0.000000 3.253893 0.831647 -0.013705 -0.415823 -6.653174 89.876658 0.000000 17.979761 0.000000 0.000000 -10.000000 -0.415823 0.000000 0.000000 0.000000 0.415823 6.653174 -89.876658 0.000000 8.000000 0.000000 0.000000 -14.158234 0.415823 0.000000 1.663294 0.000000
-17.993832 0.519779 25.070568 -0.418114 -0.415823 -17.993832 -0.522642 0.001003 0.418688 0.418114 0.000717 -0.628031 0.104672 -0.000717 -7.997259 0.313585 0.157008 6.297841 8.000000 0.000000 -12.000000 28.002580 -4.390195 0.418688 -18.000000 -1.045285 0.000000 -1.663294 -0.418114 0.001720 -8.000000 0.000000 12.000000 -28.002580 4.390195 -0.418688 22.390195 1.045285 0.000000 1.663294 0.418114 -0.001720 -0.209057 -3.344911 89.969159 0.000000 13.017366 0.000000 0.000000 -10.000000 -0.209057 0.000000 0.000000 0.000000 0.209057 3.344911 -89.969159 0.000000 8.000000 0.000000 0.000000 -12.090569 0.209057 0.000000 0.836228 0.000000
-18.000000 0.000000 24.748737 -0.000000 -0.000000 -18.000000 -0.000000 0.000000 0.000000 0.000000 0.000000 -0.000000 0.000000 -0.000000 -8.000000 0.000000 0.000000 6.300000 8.000000 0.000000 -12.000000 28.000000 -0.000000 0.000000 -18.000000 -0.000000 0.000000 -0.000000 -0.000000 0.000000 -8.000000 0.000000 12.000000 -28.000000 0.000000 -0.000000 18.000000 0.000000 0.000000 0.000000 0.000000 -0.000000 -0.000000 -0.000000 90.000000 0.000000 8.000000 0.000000 0.000000 -10.000000 -0.000000 0.000000 0.000000 0.000000 0.000000 0.000000 -90.000000 0.000000 8.000000 0.000000 0.000000 -10.000000 0.000000 0.000000 0.000000 0.000000
-17.993832 0.519779 24.422666 0.418114 0.415823 -17.993832 0.522642 -0.001003 -0.418688 -0.418114 -0.000717 0.628031 -0.104672 0.000717 -7.997259 -0.313585 -0.157008 6.297841 8.000000 0.000000 -12.000000 27.997420 4.390195 -0.418688 -22.390195 1.045285 0.000000 1.663294 0.418114 -0.001720 -8.000000 0.000000 12.000000 -27.997420 -4.390195 0.418688 18.000000 -1.045285 0.000000 -1.663294 -0.418114 0.001720 0.209057 3.344911 89.969159 0.000000 8.000000 0.000000 0.000000 -12.090569 0.209057 0.000000 0.836228 0.000000 -0.209057 -3.344911 -89.969159 0.000000 13.017366 0.000000 0.000000 -10.000000 -0.209057 0.000000 0.000000 0.000000
-17.975332 1.016842 24.092410 0.831647 0.813473 -17.975332 1.039558 -0.007995 -0.836228 -0.831647 -0.005710 1.254342 -0.209057 0.005710 -7.989036 -0.623735 -0.313585 6.291366 8.000000 0.000000 -12.000000 27.979442 8.732291 -0.836228 -26.732291 2.079117 0.000000 3.253893 0.831647 -0.013705 -8.000000 0.000000 12.000000 -27.979442 -8.732291 0.836228 18.000000 -2.079117 0.000000 -3.253893 -0.831647 0.013705 0.415823 6.653174 89.876658 0.000000 8.000000 0.000000 0.000000 -14.158234 0.415823 0.000000 1.663294 0.000000 -0.415823 -6.653174 -89.876658 0.000000 17.979761 0.000000 0.000000 -10.000000 -0.415823 0.000000 0.000000 0.000000
-17.944512 1.469463 23.758026 1.236068 1.175571 -17.944512 1.545085 -0.026798 -1.251476 -1.236068 -0.019141 1.877214 -0.312869 0.019141 -7.975339 -0.927051 -0.469303 6.280579 8.000000 0.000000 -12.000000 27.931092 12.978714 -1.251476 -30.978714 3.090170 0.000000 4.702282 1.236068 -0.045939 -8.000000 0.000000 12.000000 -27.931092 -12.978714 1.251476 18.000000 -3.090170 0.000000 -4.702282 -1.236068 0.045939 0.618034 9.888544 89.722560 0.000000 8.000000 0.000000 0.000000 -16.180340 0.618034 0.000000 2.472136 0.000000 -0.618034 -9.888544 -89.722560 0.000000 22.832816 0.000000 0.000000 -10.000000 -0.618034 0.000000 0.000000 0.000000
-17.901394 1.857862 23.419571 1.626947 1.486290 -17.901394 2.033683 -0.062912 -1.663294 -1.626947 -0.044937 2.494940 -0.415823 0.044937 -7.956175 -1.220210 -0.623735 6.265488 8.000000 0.000000 -12.000000 27.838226 17.082939 -1.663294 -35.082939 4.067366 0.000000 5.945159 1.626947 -0.107849 -8.000000 0.000000 12.000000 -27.838226 -17.082939 1.663294 18.000000 -4.067366 0.000000 -5.945159 -1.626947 0.107849 0.813473 13.015573 89.506971 0.000000 8.000000 0.000000 0.000000 -18.134733 0.813473 0.000000 3.253893 0.000000 -0.813473 -13.015573 -89.506971 0.000000 27.523359 0.000000 0.000000 -10.000000 -0.813473 0.000000 0.000000 0.000000
-17.846008 2.165064 23.077104 2.000000 1.732051 -17.846008 2.500000 -0.121363 -2.070552 -2.000000 -0.086688 3.105829 -0.517638 0.086688 -7.931559 -1.500000 -0.776457 6.246103 8.000000 0.000000 -12.000000 27.687923 21.000000 -2.070552 -39.000000 5.000000 0.000000 6.928203 2.000000 -0.208051 -8.000000 0.000000 12.000000 -27.687923 -21.000000 2.070552 18.000000 -5.000000 0.000000 -6.928203 -2.000000 0.208051 1.000000 16.000000 89.230038 0.000000 8.000000 0.000000 0.000000 -20.000000 1.000000 0.000000 4.000000 0.000000 -1.000000 -16.000000 -89.230038 0.000000 32.000000 0.000000 0.000000 -10.000000 -1.000000 0.000000 0.000000 0.000000
-17.778390 2.377641 22.730682 2.351141 1.902113 -17.778390 2.938926 -0.206559 -2.472136 -2.351141 -0.147542 3.708204 -0.618034 0.147542 -7.901507 -1.763356 -0.927051 6.222437 8.000000 0.000000 -12.000000 27.468847 24.686981 -2.472136 -42.686981 5.877853 0.000000 7.608452 2.351141 -0.354102 -8.000000 0.000000 12.000000 -27.468847 -24.686981 2.472136 18.000000 -5.877853 0.000000 -7.608452 -2.351141 0.354102 1.175571 18.809128 88.891951 0.000000 8.000000 0.000000 0.000000 -21.755705 1.175571 0.000000 4.702282 0.000000 -1.175571 -18.809128 -88.891951 0.000000 36.213692 0.000000 0.000000 -10.000000 -1.175571 0.000000 0.000000 0.000000
-17.698588 2.486305 22.380365 2.676522 1.989044 -17.698588 3.345653 -0.322170 -2.866944 -2.676522 -0.230122 4.300415 -0.716736 0.230122 -7.866039 -2.007392 -1.075104 6.194506 8.000000 0.000000 -12.000000 27.171562 28.103485 -2.866944 -46.103485 6.691306 0.000000 7.956175 2.676522 -0.552292 -8.000000 0.000000 12.000000 -27.171562 -28.103485 2.866944 18.000000 -6.691306 0.000000 -7.956175 -2.676522 0.552292 1.338261 21.412179 88.492942 0.000000 8.000000 0.000000 0.000000 -23.382612 1.338261 0.000000 5.353045 0.000000 -1.338261 -21.412179 -88.492942 0.000000 40.118269 0.000000 0.000000 -10.000000 -1.338261 0.000000 0.000000 0.000000
-17.606657 2.486305 22.026214 2.972579 1.989044 -17.606657 3.715724 -0.471018 -3.253893 -2.972579 -0.336442 4.880840 -0.813473 0.336442 -7.825181 -2.229434 -1.220210 6.162330 8.000000 0.000000 -12.000000 26.788810 31.212083 -3.253893 -49.212083 7.431448 0.000000 7.956175 2.972579 -0.807460 -8.000000 0.000000 12.000000 -26.788810 -31.212083 3.253893 18.000000 -7.431448 0.000000 -7.956175 -2.972579 0.807460 1.486290 23.780634 88.033284 0.000000 8.000000 0.000000 0.000000 -24.862897 1.486290 0.000000 5.945159 0.000000 -1.486290 -23.780634 -88.033284 0.000000 43.670952 0.000000 0.000000 -10.000000 -1.486290 0.000000 0.000000 0.000000
-17.502659 2.377641 21.668288 3.236068 1.902113 -17.502659 4.045085 -0.654996 -3.631924 -3.236068 -0.467854 5.447886 -0.907981 0.467854 -7.778959 -2.427051 -1.361971 6.125930 8.000000 0.000000 -12.000000 26.315726 33.978714 -3.631924 -51.978714 8.090170 0.000000 7.608452 3.236068 -1.122849 -8.000000 0.000000 12.000000 -26.315726 -33.978714 3.631924 18.000000 -8.090170 0.000000 -7.608452 -3.236068 1.122849 1.618034 25.888544 87.513293 0.000000 8.000000 0.000000 0.000000 -26.180340 1.618034 0.000000 6.472136 0.000000 -1.618034 -25.888544 -87.513293 0.000000 46.832816 0.000000 0.000000 -10.000000 -1.618034 0.000000 0.000000 0.000000
-17.386665 2.165064 21.306650 3.464102 1.732051 -17.386665 4.330127 -0.875000 -4.000000 -3.464102 -0.625000 6.000000 -1.000000 0.625000 -7.727407 -2.598076 -1.500000 6.085333 8.000000 0.000000 -12.000000 25.750000 36.373067 -4.000000 -54.373067 8.660254 0.000000 6.928203 3.464102 -1.500000 -8.000000 0.000000 12.000000 -25.750000 -36.373067 4.000000 18.000000 -8.660254 0.000000 -6.928203 -3.464102 1.500000 1.732051 27.712813 86.933324 0.000000 8.000000 0.000000 0.000000 -27.320508 1.732051 0.000000 6.928203 0.000000 -1.732051 -27.712813 -86.933324 0.000000 49.569219 0.000000 0.000000 -10.000000 -1.732051 0.000000 0.000000 0.000000
-17.258755 1.857862 20.941361 3.654182 1.486290 -17.258755 4.567727 -1.130900 -4.357112 -3.654182 -0.807786 6.535668 -1.089278 0.807786 -7.670558 -2.740636 -1.633917 6.040564 8.000000 0.000000 -12.000000 25.091971 38.368909 -4.357112 -56.368909 9.135455 0.000000 5.945159 3.654182 -1.938686 -8.000000 0.000000 12.000000 -25.091971 -38.368909 4.357112 18.000000 -9.135455 0.000000 -5.945159 -3.654182 1.938686 1.827091 29.233455 86.293776 0.000000 8.000000 0.000000 0.000000 -28.270909 1.827091 0.000000 7.308364 0.000000 -1.827091 -29.233455 -86.293776 0.000000 51.850182 0.000000 0.000000 -10.000000 -1.827091 0.000000 0.000000 0.000000
-17.119017 1.469463 20.572484 3.804226 1.175571 -17.119017 4.755283 -1.421524 -4.702282 -3.804226 -1.015374 7.053423 -1.175571 1.015374 -7.608452 -2.853170 -1.763356 5.991656 8.000000 0.000000 -12.000000 24.344653 39.944374 -4.702282 -57.944374 9.510565 0.000000 4.702282 3.804226 -2.436898 -8.000000 0.000000 12.000000 -24.344653 -39.944374 4.702282 18.000000 -9.510565 0.000000 -4.702282 -3.804226 2.436898 1.902113 30.433809 85.595086 0.000000 8.000000 0.000000 0.000000 -29.021130 1.902113 0.000000 7.608452 0.000000 -1.902113 -30.433809 -85.595086 0.000000 53.650713 0.000000 0.000000 -10.000000 -1.902113 0.000000 0.000000 0.000000
-16.967547 1.016842 20.200082 3.912590 0.813473 -16.967547 4.890738 -1.744671 -5.034563 -3.912590 -1.246193 7.551845 -1.258641 1.246193 -7.541132 -2.934443 -1.887961 5.938641 8.000000 0.000000 -12.000000 23.513704 41.082199 -5.034563 -59.082199 9.781476 0.000000 3.253893 3.912590 -2.990864 -8.000000 0.000000 12.000000 -23.513704 -41.082199 5.034563 18.000000 -9.781476 0.000000 -3.253893 -3.912590 2.990864 1.956295 31.300723 84.837734 0.000000 8.000000 0.000000 0.000000 -29.562952 1.956295 0.000000 7.825181 0.000000 -1.956295 -31.300723 -84.837734 0.000000 54.951085 0.000000 0.000000 -10.000000 -1.956295 0.000000 0.000000 0.000000
-16.804448 0.519779 19.824218 3.978088 0.415823 -16.804448 4.972609 -2.097156 -5.353045 -3.978088 -1.497969 8.029567 -1.338261 1.497969 -7.468643 -2.983566 -2.007392 5.881557 8.000000 0.000000 -12.000000 22.607313 41.769920 -5.353045 -59.769920 9.945219 0.000000 1.663294 3.978088 -3.595124 -8.000000 0.000000 12.000000 -22.607313 -41.769920 5.353045 18.000000 -9.945219 0.000000 -1.663294 -3.978088 3.595124 1.989044 31.824701 84.022238 0.000000 8.000000 0.000000 0.000000 -29.890438 1.989044 0.000000 7.956175 0.000000 -1.989044 -31.824701 -84.022238 0.000000 55.737051 0.000000 0.000000 -10.000000 -1.989044 0.000000 0.000000 0.000000
-16.629832 0.000000 19.444958 4.000000 0.000000 -16.629832 5.000000 -2.474874 -5.656854 -4.000000 -1.767767 8.485281 -1.414214 1.767767 -7.391036 -3.000000 -2.121320 5.820441 8.000000 0.000000 -12.000000 21.636039 42.000000 -5.656854 -60.000000 10.000000 0.000000 0.000000 4.000000 -4.242641 -8.000000 0.000000 12.000000 -21.636039 -42.000000 5.656854 18.000000 -10.000000 0.000000 -0.000000 -4.000000 4.242641 2.000000 32.000000 83.149158 0.000000 8.000000 0.000000 0.000000 -30.000000 2.000000 0.000000 8.000000 0.000000 -2.000000 -32.000000 -83.149158 0.000000 56.000000 0.000000 0.000000 -10.000000 -2.000000 0.000000 0.000000 0.000000
-16.443818 0.519779 19.062366 3.978088 -0.415823 -16.443818 4.972609 -2.872886 -5.945159 -3.978088 -2.052062 8.917738 -1.486290 2.052062 -7.308364 -2.983566 -2.229434 5.755336 8.000000 0.000000 -12.000000 20.612578 41.769920 -5.945159 -59.769920 9.945219 0.000000 -1.663294 3.978088 -4.924948 -8.000000 0.000000 12.000000 -20.612578 -41.769920 5.945159 18.000000 -9.945219 0.000000 1.663294 -3.978088 4.924948 1.989044 31.824701 82.219091 0.000000 8.000000 0.000000 0.000000 -29.890438 1.989044 0.000000 7.956175 0.000000 -1.989044 -31.824701 -82.219091 0.000000 55.737051 0.000000 0.000000 -10.000000 -1.989044 0.000000 0.000000 0.000000
-16.246535 1.016842 18.676508 3.912590 -0.813473 -16.246535 4.890738 -3.285533 -6.217168 -3.912590 -2.346809 9.325752 -1.554292 2.346809 -7.220682 -2.934443 -2.331438 5.686287 8.000000 0.000000 -12.000000 19.551487 41.082199 -6.217168 -59.082199 9.781476 0.000000 -3.253893 3.912590 -5.632342 -8.000000 0.000000 12.000000 -19.551487 -41.082199 6.217168 18.000000 -9.781476 0.000000 3.253893 -3.912590 5.632342 1.956295 31.300723 81.232676 0.000000 8.000000 0.000000 0.000000 -29.562952 1.956295 0.000000 7.825181 0.000000 -1.956295 -31.300723 -81.232676 0.000000 54.951085 0.000000 0.000000 -10.000000 -1.956295 0.000000 0.000000 0.000000
-16.038117 1.469463 18.287450 3.804226 -1.175571 -16.038117 4.755283 -3.706559 -6.472136 -3.804226 -2.647542 9.708204 -1.618034 2.647542 -7.128052 -2.853170 -2.427051 5.613341 8.000000 0.000000 -12.000000 18.468847 39.944374 -6.472136 -57.944374 9.510565 0.000000 -4.702282 3.804226 -6.354102 -8.000000 0.000000 12.000000 -18.468847 -39.944374 6.472136 18.000000 -9.510565 0.000000 4.702282 -3.804226 6.354102 1.902113 30.433809 80.190587 0.000000 8.000000 0.000000 0.000000 -29.021130 1.902113 0.000000 7.608452 0.000000 -1.902113 -30.433809 -80.190587 0.000000 53.650713 0.000000 0.000000 -10.000000 -1.902113 0.000000 0.000000 0.000000
-15.818708 1.857862 17.895258 3.654182 -1.486290 -15.818708 4.567727 -4.129260 -6.709365 -3.654182 -2.949472 10.064047 -1.677341 2.949472 -7.030537 -2.740636 -2.516012 5.536548 8.000000 0.000000 -12.000000 17.381902 38.368909 -6.709365 -56.368909 9.135455 0.000000 -5.945159 3.654182 -7.078732 -8.000000 0.000000 12.000000 -17.381902 -38.368909 6.709365 18.000000 -9.135455 0.000000 5.945159 -3.654182 7.078732 1.827091 29.233455 79.093540 0.000000 8.000000 0.000000 0.000000 -28.270909 1.827091 0.000000 7.308364 0.000000 -1.827091 -29.233455 -79.093540 0.000000 51.850182 0.000000 0.000000 -10.000000 -1.827091 0.000000 0.000000 0.000000
-15.588457 2.165064 17.500000 3.464102 -1.732051 -15.588457 4.330127 -4.546633 -6.928203 -3.464102 -3.247595 10.392305 -1.732051 3.247595 -6.928203 -2.598076 -2.598076 5.455960 8.000000 0.000000 -12.000000 16.308657 36.373067 -6.928203 -54.373067 8.660254 0.000000 -6.928203 3.464102 -7.794229 -8.000000 0.000000 12.000000 -16.308657 -36.373067 6.928203 18.000000 -8.660254 0.000000 6.928203 -3.464102 7.794229 1.732051 27.712813 77.942286 0.000000 8.000000 0.000000 0.000000 -27.320508 1.732051 0.000000 6.928203 0.000000 -1.732051 -27.712813 -77.942286 0.000000 49.569219 0.000000 0.000000 -10.000000 -1.732051 0.000000 0.000000 0.000000
-15.347523 2.377641 17.101743 3.236068 -1.902113 -15.347523 4.045085 -4.951545 -7.128052 -3.236068 -3.536818 10.692078 -1.782013 3.536818 -6.821121 -2.427051 -2.673020 5.371633 8.000000 0.000000 -12.000000 15.267457 33.978714 -7.128052 -51.978714 8.090170 0.000000 -7.608452 3.236068 -8.488362 -8.000000 0.000000 12.000000 -15.267457 -33.978714 7.128052 18.000000 -8.090170 0.000000 7.608452 -3.236068 8.488362 1.618034 25.888544 76.737615 0.000000 8.000000 0.000000 0.000000 -26.180340 1.618034 0.000000 6.472136 0.000000 -1.618034 -25.888544 -76.737615 0.000000 46.832816 0.000000 0.000000 -10.000000 -1.618034 0.000000 0.000000 0.000000
-15.096070 2.486305 16.700557 2.972579 -1.989044 -15.096070 3.715724 -5.336893 -7.308364 -2.972579 -3.812067 10.962545 -1.827091 3.812067 -6.709365 -2.229434 -2.740636 5.283625 8.000000 0.000000 -12.000000 14.276560 31.212083 -7.308364 -49.212083 7.431448 0.000000 -7.956175 2.972579 -9.148960 -8.000000 0.000000 12.000000 -14.276560 -31.212083 7.308364 18.000000 -7.431448 0.000000 7.956175 -2.972579 9.148960 1.486290 23.780634 75.480351 0.000000 8.000000 0.000000 0.000000 -24.862897 1.486290 0.000000 5.945159 0.000000 -1.486290 -23.780634 -75.480351 0.000000 43.670952 0.000000 0.000000 -10.000000 -1.486290 0.000000 0.000000 0.000000
-14.834271 2.486305 16.296508 2.676522 -1.989044 -14.834271 3.345653 -5.695781 -7.468643 -2.676522 -4.068415 11.202965 -1.867161 4.068415 -6.593010 -2.007392 -2.800741 5.191995 8.000000 0.000000 -12.000000 13.353707 28.103485 -7.468643 -46.103485 6.691306 0.000000 -7.956175 2.676522 -9.764195 -8.000000 0.000000 12.000000 -13.353707 -28.103485 7.468643 18.000000 -6.691306 0.000000 7.956175 -2.676522 9.764195 1.338261 21.412179 74.171357 0.000000 8.000000 0.000000 0.000000 -23.382612 1.338261 0.000000 5.353045 0.000000 -1.338261 -21.412179 -74.171357 0.000000 40.118269 0.000000 0.000000 -10.000000 -1.338261 0.000000 0.000000 0.000000
-14.562306 2.377641 15.889667 2.351141 -1.902113 -14.562306 2.938926 -6.021671 -7.608452 -2.351141 -4.301194 11.412678 -1.902113 4.301194 -6.472136 -1.763356 -2.853170 5.096807 8.000000 0.000000 -12.000000 12.515703 24.686981 -7.608452 -42.686981 5.877853 0.000000 -7.608452 2.351141 -10.322864 -8.000000 0.000000 12.000000 -12.515703 -24.686981 7.608452 18.000000 -5.877853 0.000000 7.608452 -2.351141 10.322864 1.175571 18.809128 72.811529 0.000000 8.000000 0.000000 0.000000 -21.755705 1.175571 0.000000 4.702282 0.000000 -1.175571 -18.809128 -72.811529 0.000000 36.213692 0.000000 0.000000 -10.000000 -1.175571 0.000000 0.000000 0.000000
-14.280360 2.165064 15.480104 2.000000 -1.732051 -14.280360 2.500000 -6.308547 -7.727407 -2.000000 -4.506105 11.591110 -1.931852 4.506105 -6.346827 -1.500000 -2.897777 4.998126 8.000000 0.000000 -12.000000 11.778021 21.000000 -7.727407 -39.000000 5.000000 0.000000 -6.928203 2.000000 -10.814653 -8.000000 0.000000 12.000000 -11.778021 -21.000000 7.727407 18.000000 -5.000000 0.000000 6.928203 -2.000000 10.814653 1.000000 16.000000 71.401801 0.000000 8.000000 0.000000 0.000000 -20.000000 1.000000 0.000000 4.000000 0.000000 -1.000000 -16.000000 -71.401801 0.000000 32.000000 0.000000 0.000000 -10.000000 -1.000000 0.000000 0.000000 0.000000
-13.988627 1.857862 15.067888 1.626947 -1.486290 -13.988627 2.033683 -6.551055 -7.825181 -1.626947 -4.679325 11.737771 -1.956295 4.679325 -6.217168 -1.220210 -2.934443 4.896020 8.000000 0.000000 -12.000000 11.154431 17.082939 -7.825181 -35.082939 4.067366 0.000000 -5.945159 1.626947 -11.230379 -8.000000 0.000000 12.000000 -11.154431 -17.082939 7.825181 18.000000 -4.067366 0.000000 5.945159 -1.626947 11.230379 0.813473 13.015573 69.943137 0.000000 8.000000 0.000000 0.000000 -18.134733 0.813473 0.000000 3.253893 0.000000 -0.813473 -13.015573 -69.943137 0.000000 27.523359 0.000000 0.000000 -10.000000 -0.813473 0.000000 0.000000 0.000000
-13.687307 1.469463 14.653091 1.236068 -1.175571 -13.687307 1.545085 -6.744625 -7.901507 -1.236068 -4.817589 11.852260 -1.975377 4.817589 -6.083248 -0.927051 -2.963065 4.790558 8.000000 0.000000 -12.000000 10.656678 12.978714 -7.901507 -30.978714 3.090170 0.000000 -4.702282 1.236068 -11.562215 -8.000000 0.000000 12.000000 -10.656678 -12.978714 7.901507 18.000000 -3.090170 0.000000 4.702282 -1.236068 11.562215 0.618034 9.888544 68.436537 0.000000 8.000000 0.000000 0.000000 -16.180340 0.618034 0.000000 2.472136 0.000000 -0.618034 -9.888544 -68.436537 0.000000 22.832816 0.000000 0.000000 -10.000000 -0.618034 0.000000 0.000000 0.000000
-13.376607 1.016842 14.235783 0.831647 -0.813473 -13.376607 1.039558 -6.885589 -7.956175 -0.831647 -4.918278 11.934263 -1.989044 4.918278 -5.945159 -0.623735 -2.983566 4.681812 8.000000 0.000000 -12.000000 10.294200 8.732291 -7.956175 -26.732291 2.079117 0.000000 -3.253893 0.831647 -11.803867 -8.000000 0.000000 12.000000 -10.294200 -8.732291 7.956175 18.000000 -2.079117 0.000000 3.253893 -0.831647 11.803867 0.415823 6.653174 66.883034 0.000000 8.000000 0.000000 0.000000 -14.158234 0.415823 0.000000 1.663294 0.000000 -0.415823 -6.653174 -66.883034 0.000000 17.979761 0.000000 0.000000 -10.000000 -0.415823 0.000000 0.000000 0.000000
-13.056739 0.519779 13.816035 0.418114 -0.415823 -13.056739 0.522642 -6.971260 -7.989036 -0.418114 -4.979471 11.983554 -1.997259 4.979471 -5.802995 -0.313585 -2.995889 4.569859 8.000000 0.000000 -12.000000 10.073904 4.390195 -7.989036 -22.390195 1.045285 0.000000 -1.663294 0.418114 -11.950731 -8.000000 0.000000 12.000000 -10.073904 -4.390195 7.989036 18.000000 -1.045285 0.000000 1.663294 -0.418114 11.950731 0.209057 3.344911 65.283693 0.000000 8.000000 0.000000 0.000000 -12.090569 0.209057 0.000000 0.836228 0.000000 -0.209057 -3.344911 -65.283693 0.000000 13.017366 0.000000 0.000000 -10.000000 -0.209057 0.000000 0.000000 0.000000
-12.727922 0.000000 13.393920 0.000000 -0.000000 -12.727922 0.000000 -7.000000 -8.000000 -0.000000 -5.000000 12.000000 -2.000000 5.000000 -5.656854 -0.000000 -3.000000 4.454773 8.000000 0.000000 -12.000000 10.000000 0.000000 -8.000000 -18.000000 0.000000 0.000000 -0.000000 0.000000 -12.000000 -8.000000 0.000000 12.000000 -10.000000 -0.000000 8.000000 18.000000 -0.000000 0.000000 0.000000 -0.000000 12.000000 0.000000 0.000000 63.639610 0.000000 8.000000 0.000000 0.000000 -10.000000 0.000000 0.000000 0.000000 0.000000 -0.000000 -0.000000 -63.639610 0.000000 8.000000 0.000000 0.000000 -10.000000 -0.000000 0.000000 0.000000 0.000000
-12.390382 0.519779 12.969510 -0.418114 0.415823 -12.390382 -0.522642 -6.971260 -7.989036 0.418114 -4.979471 11.983554 -1.997259 4.979471 -5.506837 0.313585 -2.995889 4.336634 8.000000 0.000000 -12.000000 10.073904 -4.390195 -7.989036 -18.000000 -1.045285 0.000000 1.663294 -0.418114 -11.950731 -8.000000 0.000000 12.000000 -10.073904 4.390195 7.989036 22.390195 1.045285 0.000000 -1.663294 0.418114 11.950731 -0.209057 -3.344911 61.951912 0.000000 13.017366 0.000000 0.000000 -10.000000 -0.209057 0.000000 0.000000 0.000000 0.209057 3.344911 -61.951912 0.000000 8.000000 0.000000 0.000000 -12.090569 0.209057 0.000000 0.836228 0.000000
-12.044351 1.016842 12.542878 -0.831647 0.813473 -12.044351 -1.039558 -6.885589 -7.956175 0.831647 -4.918278 11.934263 -1.989044 4.918278 -5.353045 0.623735 -2.983566 4.215523 8.000000 0.000000 -12.000000 10.294200 -8.732291 -7.956175 -18.000000 -2.079117 0.000000 3.253893 -0.831647 -11.803867 -8.000000 0.000000 12.000000 -10.294200 8.732291 7.956175 26.732291 2.079117 0.000000 -3.253893 0.831647 11.803867 -0.415823 -6.653174 60.221755 0.000000 17.979761 0.000000 0.000000 -10.000000 -0.415823 0.000000 0.000000 0.000000 0.415823 6.653174 -60.221755 0.000000 8.000000 0.000000 0.000000 -14.158234 0.415823 0.000000 1.663294 0.000000
-11.690065 1.469463 12.114097 -1.236068 1.175571 -11.690065 -1.545085 -6.744625 -7.901507 1.236068 -4.817589 11.852260 -1.975377 4.817589 -5.195584 0.927051 -2.963065 4.091523 8.000000 0.000000 -12.000000 10.656678 -12.978714 -7.901507 -18.000000 -3.090170 0.000000 4.702282 -1.236068 -11.562215 -8.000000 0.000000 12.000000 -10.656678 12.978714 7.901507 30.978714 3.090170 0.000000 -4.702282 1.236068 11.562215 -0.618034 -9.888544 58.450324 0.000000 22.832816 0.000000 0.000000 -10.000000 -0.618034 0.000000 0.000000 0.000000 0.618034 9.888544 -58.450324 0.000000 8.000000 0.000000 0.000000 -16.180340 0.618034 0.000000 2.472136 0.000000
-11.327767 1.857862 11.683240 -1.626947 1.486290 -11.327767 -2.033683 -6.551055 -7.825181 1.626947 -4.679325 11.737771 -1.956295 4.679325 -5.034563 1.220210 -2.934443 3.964718 8.000000 0.000000 -12.000000 11.154431 -17.082939 -7.825181 -18.000000 -4.067366 0.000000 5.945159 -1.626947 -11.230379 -8.000000 0.000000 12.000000 -11.154431 17.082939 7.825181 35.082939 4.067366 0.000000 -5.945159 1.626947 11.230379 -0.813473 -13.015573 56.638835 0.000000 27.523359 0.000000 0.000000 -10.000000 -0.813473 0.000000 0.000000 0.000000 0.813473 13.015573 -56.638835 0.000000 8.000000 0.000000 0.000000 -18.134733 0.813473 0.000000 3.253893 0.000000
-10.957706 2.165064 11.250381 -2.000000 1.732051 -10.957706 -2.500000 -6.308547 -7.727407 2.000000 -4.506105 11.591110 -1.931852 4.506105 -4.870091 1.500000 -2.897777 3.835197 8.000000 0.000000 -12.000000 11.778021 -21.000000 -7.727407 -18.000000 -5.000000 0.000000 6.928203 -2.000000 -10.814653 -8.000000 0.000000 12.000000 -11.778021 21.000000 7.727407 39.000000 5.000000 0.000000 -6.928203 2.000000 10.814653 -1.000000 -16.000000 54.788529 0.000000 32.000000 0.000000 0.000000 -10.000000 -1.000000 0.000000 0.000000 0.000000 1.000000 16.000000 -54.788529 0.000000 8.000000 0.000000 0.000000 -20.000000 1.000000 0.000000 4.000000 0.000000
-10.580135 2.377641 10.815595 -2.351141 1.902113 -10.580135 -2.938926 -6.021671 -7.608452 2.351141 -4.301194 11.412678 -1.902113 4.301194 -4.702282 1.763356 -2.853170 3.703047 8.000000 0.000000 -12.000000 12.515703 -24.686981 -7.608452 -18.000000 -5.877853 0.000000 7.608452 -2.351141 -10.322864 -8.000000 0.000000 12.000000 -12.515703 24.686981 7.608452 42.686981 5.877853 0.000000 -7.608452 2.351141 10.322864 -1.175571 -18.809128 52.900673 0.000000 36.213692 0.000000 0.000000 -10.000000 -1.175571 0.000000 0.000000 0.000000 1.175571 18.809128 -52.900673 0.000000 8.000000 0.000000 0.000000 -21.755705 1.175571 0.000000 4.702282 0.000000
-10.195312 2.486305 10.378955 -2.676522 1.989044 -10.195312 -3.345653 -5.695781 -7.468643 2.676522 -4.068415 11.202965 -1.867161 4.068415 -4.531250 2.007392 -2.800741 3.568359 8.000000 0.000000 -12.000000 13.353707 -28.103485 -7.468643 -18.000000 -6.691306 0.000000 7.956175 -2.676522 -9.764195 -8.000000 0.000000 12.000000 -13.353707 28.103485 7.468643 46.103485 6.691306 0.000000 -7.956175 2.676522 9.764195 -1.338261 -21.412179 50.976561 0.000000 40.118269 0.000000 0.000000 -10.000000 -1.338261 0.000000 0.000000 0.000000 1.338261 21.412179 -50.976561 0.000000 8.000000 0.000000 0.000000 -23.382612 1.338261 0.000000 5.353045 0.000000
-9.803503 2.486305 9.940537 -2.972579 1.989044 -9.803503 -3.715724 -5.336893 -7.308364 2.972579 -3.812067 10.962545 -1.827091 3.812067 -4.357112 2.229434 -2.740636 3.431226 8.000000 0.000000 -12.000000 14.276560 -31.212083 -7.308364 -18.000000 -7.431448 0.000000 7.956175 -2.972579 -9.148960 -8.000000 0.000000 12.000000 -14.276560 31.212083 7.308364 49.212083 7.431448 0.000000 -7.956175 2.972579 9.148960 -1.486290 -23.780634 49.017513 0.000000 43.670952 0.000000 0.000000 -10.000000 -1.486290 0.000000 0.000000 0.000000 1.486290 23.780634 -49.017513 0.000000 8.000000 0.000000 0.000000 -24.862897 1.486290 0.000000 5.945159 0.000000
-9.404974 2.377641 9.500416 -3.236068 1.902113 -9.404974 -4.045085 -4.951545 -7.128052 3.236068 -3.536818 10.692078 -1.782013 3.536818 -4.179989 2.427051 -2.673020 3.291741 8.000000 0.000000 -12.000000 15.267457 -33.978714 -7.128052 -18.000000 -8.090170 0.000000 7.608452 -3.236068 -8.488362 -8.000000 0.000000 12.000000 -15.267457 33.978714 7.128052 51.978714 8.090170 0.000000 -7.608452 3.236068 8.488362 -1.618034 -25.888544 47.024871 0.000000 46.832816 0.000000 0.000000 -10.000000 -1.618034 0.000000 0.000000 0.000000 1.618034 25.888544 -47.024871 0.000000 8.000000 0.000000 0.000000 -26.180340 1.618034 0.000000 6.472136 0.000000
-9.000000 2.165064 9.058667 -3.464102 1.732051 -9.000000 -4.330127 -4.546633 -6.928203 3.464102 -3.247595 10.392305 -1.732051 3.247595 -4.000000 2.598076 -2.598076 3.150000 8.000000 0.000000 -12.000000 16.308657 -36.373067 -6.928203 -18.000000 -8.660254 0.000000 6.928203 -3.464102 -7.794229 -8.000000 0.000000 12.000000 -16.308657 36.373067 6.928203 54.373067 8.660254 0.000000 -6.928203 3.464102 7.794229 -1.732051 -27.712813 45.000000 0.000000 49.569219 0.000000 0.000000 -10.000000 -1.732051 0.000000 0.000000 0.000000 1.732051 27.712813 -45.000000 0.000000 8.000000 0.000000 0.000000 -27.320508 1.732051 0.000000 6.928203 0.000000
-8.588858 1.857862 8.615365 -3.654182 1.486290 -8.588858 -4.567727 -4.129260 -6.709365 3.654182 -2.949472 10.064047 -1.677341 2.949472 -3.817270 2.740636 -2.516012 3.006100 8.000000 0.000000 -12.000000 17.381902 -38.368909 -6.709365 -18.000000 -9.135455 0.000000 5.945159 -3.654182 -7.078732 -8.000000 0.000000 12.000000 -17.381902 38.368909 6.709365 56.368909 9.135455 0.000000 -5.945159 3.654182 7.078732 -1.827091 -29.233455 42.944288 0.000000 51.850182 0.000000 0.000000 -10.000000 -1.827091 0.000000 0.000000 0.000000 1.827091 29.233455 -42.944288 0.000000 8.000000 0.000000 0.000000 -28.270909 1.827091 0.000000 7.308364 0.000000
-8.171829 1.469463 8.170588 -3.804226 1.175571 -8.171829 -4.755283 -3.706559 -6.472136 3.804226 -2.647542 9.708204 -1.618034 2.647542 -3.631924 2.853170 -2.427051 2.860140 8.000000 0.000000 -12.000000 18.468847 -39.944374 -6.472136 -18.000000 -9.510565 0.000000 4.702282 -3.804226 -6.354102 -8.000000 0.000000 12.000000 -18.468847 39.944374 6.472136 57.944374 9.510565 0.000000 -4.702282 3.804226 6.354102 -1.902113 -30.433809 40.859145 0.000000 53.650713 0.000000 0.000000 -10.000000 -1.902113 0.000000 0.000000 0.000000 1.902113 30.433809 -40.859145 0.000000 8.000000 0.000000 0.000000 -29.021130 1.902113 0.000000 7.608452 0.000000
-7.749200 1.016842 7.724410 -3.912590 0.813473 -7.749200 -4.890738 -3.285533 -6.217168 3.912590 -2.346809 9.325752 -1.554292 2.346809 -3.444089 2.934443 -2.331438 2.712220 8.000000 0.000000 -12.000000 19.551487 -41.082199 -6.217168 -18.000000 -9.781476 0.000000 3.253893 -3.912590 -5.632342 -8.000000 0.000000 12.000000 -19.551487 41.082199 6.217168 59.082199 9.781476 0.000000 -3.253893 3.912590 5.632342 -1.956295 -31.300723 38.745999 0.000000 54.951085 0.000000 0.000000 -10.000000 -1.956295 0.000000 0.000000 0.000000 1.956295 31.300723 -38.745999 0.000000 8.000000 0.000000 0.000000 -29.562952 1.956295 0.000000 7.825181 0.000000
-7.321260 0.519779 7.276909 -3.978088 0.415823 -7.321260 -4.972609 -2.872886 -5.945159 3.978088 -2.052062 8.917738 -1.486290 2.052062 -3.253893 2.983566 -2.229434 2.562441 8.000000 0.000000 -12.000000 20.612578 -41.769920 -5.945159 -18.000000 -9.945219 0.000000 1.663294 -3.978088 -4.924948 -8.000000 0.000000 12.000000 -20.612578 41.769920 5.945159 59.769920 9.945219 0.000000 -1.663294 3.978088 4.924948 -1.989044 -31.824701 36.606298 0.000000 55.737051 0.000000 0.000000 -10.000000 -1.989044 0.000000 0.000000 0.000000 1.989044 31.824701 -36.606298 0.000000 8.000000 0.000000 0.000000 -29.890438 1.989044 0.000000 7.956175 0.000000
-6.888302 0.000000 6.828161 -4.000000 0.000000 -6.888302 -5.000000 -2.474874 -5.656854 4.000000 -1.767767 8.485281 -1.414214 1.767767 -3.061467 3.000000 -2.121320 2.410906 8.000000 0.000000 -12.000000 21.636039 -42.000000 -5.656854 -18.000000 -10.000000 0.000000 0.000000 -4.000000 -4.242641 -8.000000 0.000000 12.000000 -21.636039 42.000000 5.656854 60.000000 10.000000 0.000000 -0.000000 4.000000 4.242641 -2.000000 -32.000000 34.441509 0.000000 56.000000 0.000000 0.000000 -10.000000 -2.000000 0.000000 0.000000 0.000000 2.000000 32.000000 -34.441509 0.000000 8.000000 0.000000 0.000000 -30.000000 2.000000 0.000000 8.000000 0.000000
-6.450623 0.519779 6.378243 -3.978088 -0.415823 -6.450623 -4.972609 -2.097156 -5.353045 3.978088 -1.497969 8.029567 -1.338261 1.497969 -2.866944 2.983566 -2.007392 2.257718 8.000000 0.000000 -12.000000 22.607313 -41.769920 -5.353045 -18.000000 -9.945219 0.000000 -1.663294 -3.978088 -3.595124 -8.000000 0.000000 12.000000 -22.607313 41.769920 5.353045 59.769920 9.945219 0.000000 1.663294 3.978088 3.595124 -1.989044 -31.824701 32.253115 0.000000 55.737051 0.000000 0.000000 -10.000000 -1.989044 0.000000 0.000000 0.000000 1.989044 31.824701 -32.253115 0.000000 8.000000 0.000000 0.000000 -29.890438 1.989044 0.000000 7.956175 0.000000
-6.008523 1.016842 5.927233 -3.912590 -0.813473 -6.008523 -4.890738 -1.744671 -5.034563 3.912590 -1.246193 7.551845 -1.258641 1.246193 -2.670455 2.934443 -1.887961 2.102983 8.000000 0.000000 -12.000000 23.513704 -41.082199 -5.034563 -18.000000 -9.781476 0.000000 -3.253893 -3.912590 -2.990864 -8.000000 0.000000 12.000000 -23.513704 41.082199 5.034563 59.082199 9.781476 0.000000 3.253893 3.912590 2.990864 -1.956295 -31.300723 30.042617 0.000000 54.951085 0.000000 0.000000 -10.000000 -1.956295 0.000000 0.000000 0.000000 1.956295 31.300723 -30.042617 0.000000 8.000000 0.000000 0.000000 -29.562952 1.956295 0.000000 7.825181 0.000000
-5.562306 1.469463 5.475206 -3.804226 -1.175571 -5.562306 -4.755283 -1.421524 -4.702282 3.804226 -1.015374 7.053423 -1.175571 1.015374 -2.472136 2.853170 -1.763356 1.946807 8.000000 0.000000 -12.000000 24.344653 -39.944374 -4.702282 -18.000000 -9.510565 0.000000 -4.702282 -3.804226 -2.436898 -8.000000 0.000000 12.000000 -24.344653 39.944374 4.702282 57.944374 9.510565 0.000000 4.702282 3.804226 2.436898 -1.902113 -30.433809 27.811529 0.000000 53.650713 0.000000 0.000000 -10.000000 -1.902113 0.000000 0.000000 0.000000 1.902113 30.433809 -27.811529 0.000000 8.000000 0.000000 0.000000 -29.021130 1.902113 0.000000 7.608452 0.000000
-5.112276 1.857862 5.022242 -3.654182 -1.486290 -5.112276 -4.567727 -1.130900 -4.357112 3.654182 -0.807786 6.535668 -1.089278 0.807786 -2.272123 2.740636 -1.633917 1.789297 8.000000 0.000000 -12.000000 25.091971 -38.368909 -4.357112 -18.000000 -9.135455 0.000000 -5.945159 -3.654182 -1.938686 -8.000000 0.000000 12.000000 -25.091971 38.368909 4.357112 56.368909 9.135455 0.000000 5.945159 3.654182 1.938686 -1.827091 -29.233455 25.561381 0.000000 51.850182 0.000000 0.000000 -10.000000 -1.827091 0.000000 0.000000 0.000000 1.827091 29.233455 -25.561381 0.000000 8.000000 0.000000 0.000000 -28.270909 1.827091 0.000000 7.308364 0.000000
-4.658743 2.165064 4.568417 -3.464102 -1.732051 -4.658743 -4.330127 -0.875000 -4.000000 3.464102 -0.625000 6.000000 -1.000000 0.625000 -2.070552 2.598076 -1.500000 1.630560 8.000000 0.000000 -12.000000 25.750000 -36.373067 -4.000000 -18.000000 -8.660254 0.000000 -6.928203 -3.464102 -1.500000 -8.000000 0.000000 12.000000 -25.750000 36.373067 4.000000 54.373067 8.660254 0.000000 6.928203 3.464102 1.500000 -1.732051 -27.712813 23.293714 0.000000 49.569219 0.000000 0.000000 -10.000000 -1.732051 0.000000 0.000000 0.000000 1.732051 27.712813 -23.293714 0.000000 8.000000 0.000000 0.000000 -27.320508 1.732051 0.000000 6.928203 0.000000
-4.202017 2.377641 4.113809 -3.236068 -1.902113 -4.202017 -4.045085 -0.654996 -3.631924 3.236068 -0.467854 5.447886 -0.907981 0.467854 -1.867563 2.427051 -1.361971 1.470706 8.000000 0.000000 -12.000000 26.315726 -33.978714 -3.631924 -18.000000 -8.090170 0.000000 -7.608452 -3.236068 -1.122849 -8.000000 0.000000 12.000000 -26.315726 33.978714 3.631924 51.978714 8.090170 0.000000 7.608452 3.236068 1.122849 -1.618034 -25.888544 21.010083 0.000000 46.832816 0.000000 0.000000 -10.000000 -1.618034 0.000000 0.000000 0.000000 1.618034 25.888544 -21.010083 0.000000 8.000000 0.000000 0.000000 -26.180340 1.618034 0.000000 6.472136 0.000000
-3.742410 2.486305 3.658496 -2.972579 -1.989044 -3.742410 -3.715724 -0.471018 -3.253893 2.972579 -0.336442 4.880840 -0.813473 0.336442 -1.663294 2.229434 -1.220210 1.309844 8.000000 0.000000 -12.000000 26.788810 -31.212083 -3.253893 -18.000000 -7.431448 0.000000 -7.956175 -2.972579 -0.807460 -8.000000 0.000000 12.000000 -26.788810 31.212083 3.253893 49.212083 7.431448 0.000000 7.956175 2.972579 0.807460 -1.486290 -23.780634 18.712052 0.000000 43.670952 0.000000 0.000000 -10.000000 -1.486290 0.000000 0.000000 0.000000 1.486290 23.780634 -18.712052 0.000000 8.000000 0.000000 0.000000 -24.862897 1.486290 0.000000 5.945159 0.000000
-3.280239 2.486305 3.202557 -2.676522 -1.989044 -3.280239 -3.345653 -0.322170 -2.866944 2.676522 -0.230122 4.300415 -0.716736 0.230122 -1.457884 2.007392 -1.075104 1.148084 8.000000 0.000000 -12.000000 27.171562 -28.103485 -2.866944 -18.000000 -6.691306 0.000000 -7.956175 -2.676522 -0.552292 -8.000000 0.000000 12.000000 -27.171562 28.103485 2.866944 46.103485 6.691306 0.000000 7.956175 2.676522 0.552292 -1.338261 -21.412179 16.401197 0.000000 40.118269 0.000000 0.000000 -10.000000 -1.338261 0.000000 0.000000 0.000000 1.338261 21.412179 -16.401197 0.000000 8.000000 0.000000 0.000000 -23.382612 1.338261 0.000000 5.353045 0.000000
-2.815820 2.377641 2.746068 -2.351141 -1.902113 -2.815820 -2.938926 -0.206559 -2.472136 2.351141 -0.147542 3.708204 -0.618034 0.147542 -1.251476 1.763356 -0.927051 0.985537 8.000000 0.000000 -12.000000 27.468847 -24.686981 -2.472136 -18.000000 -5.877853 0.000000 -7.608452 -2.351141 -0.354102 -8.000000 0.000000 12.000000 -27.468847 24.686981 2.472136 42.686981 5.877853 0.000000 7.608452 2.351141 0.354102 -1.175571 -18.809128 14.079102 0.000000 36.213692 0.000000 0.000000 -10.000000 -1.175571 0.000000 0.000000 0.000000 1.175571 18.809128 -14.079102 0.000000 8.000000 0.000000 0.000000 -21.755705 1.175571 0.000000 4.702282 0.000000
-2.349471 2.165064 2.289110 -2.000000 -1.732051 -2.349471 -2.500000 -0.121363 -2.070552 2.000000 -0.086688 3.105829 -0.517638 0.086688 -1.044210 1.500000 -0.776457 0.822315 8.000000 0.000000 -12.000000 27.687923 -21.000000 -2.070552 -18.000000 -5.000000 0.000000 -6.928203 -2.000000 -0.208051 -8.000000 0.000000 12.000000 -27.687923 21.000000 2.070552 39.000000 5.000000 0.000000 6.928203 2.000000 0.208051 -1.000000 -16.000000 11.747357 0.000000 32.000000 0.000000 0.000000 -10.000000 -1.000000 0.000000 0.000000 0.000000 1.000000 16.000000 -11.747357 0.000000 8.000000 0.000000 0.000000 -20.000000 1.000000 0.000000 4.000000 0.000000
-1.881512 1.857862 1.831758 -1.626947 -1.486290 -1.881512 -2.033683 -0.062912 -1.663294 1.626947 -0.044937 2.494940 -0.415823 0.044937 -0.836228 1.220210 -0.623735 0.658529 8.000000 0.000000 -12.000000 27.838226 -17.082939 -1.663294 -18.000000 -4.067366 0.000000 -5.945159 -1.626947 -0.107849 -8.000000 0.000000 12.000000 -27.838226 17.082939 1.663294 35.082939 4.067366 0.000000 5.945159 1.626947 0.107849 -0.813473 -13.015573 9.407562 0.000000 27.523359 0.000000 0.000000 -10.000000 -0.813473 0.000000 0.000000 0.000000 0.813473 13.015573 -9.407562 0.000000 8.000000 0.000000 0.000000 -18.134733 0.813473 0.000000 3.253893 0.000000
-1.412264 1.469463 1.374094 -1.236068 -1.175571 -1.412264 -1.545085 -0.026798 -1.251476 1.236068 -0.019141 1.877214 -0.312869 0.019141 -0.627673 0.927051 -0.469303 0.494292 8.000000 0.000000 -12.000000 27.931092 -12.978714 -1.251476 -18.000000 -3.090170 0.000000 -4.702282 -1.236068 -0.045939 -8.000000 0.000000 12.000000 -27.931092 12.978714 1.251476 30.978714 3.090170 0.000000 4.702282 1.236068 0.045939 -0.618034 -9.888544 7.061319 0.000000 22.832816 0.000000 0.000000 -10.000000 -0.618034 0.000000 0.000000 0.000000 0.618034 9.888544 -7.061319 0.000000 8.000000 0.000000 0.000000 -16.180340 0.618034 0.000000 2.472136 0.000000
-0.942047 1.016842 0.916193 -0.831647 -0.813473 -0.942047 -1.039558 -0.007995 -0.836228 0.831647 -0.005710 1.254342 -0.209057 0.005710 -0.418688 0.623735 -0.313585 0.329717 8.000000 0.000000 -12.000000 27.979442 -8.732291 -0.836228 -18.000000 -2.079117 0.000000 -3.253893 -0.831647 -0.013705 -8.000000 0.000000 12.000000 -27.979442 8.732291 0.836228 26.732291 2.079117 0.000000 3.253893 0.831647 0.013705 -0.415823 -6.653174 4.710236 0.000000 17.979761 0.000000 0.000000 -10.000000 -0.415823 0.000000 0.000000 0.000000 0.415823 6.653174 -4.710236 0.000000 8.000000 0.000000 0.000000 -14.158234 0.415823 0.000000 1.663294 0.000000
-0.471185 0.519779 0.458136 -0.418114 -0.415823 -0.471185 -0.522642 -0.001003 -0.418688 0.418114 -0.000717 0.628031 -0.104672 0.000717 -0.209416 0.313585 -0.157008 0.164915 8.000000 0.000000 -12.000000 27.997420 -4.390195 -0.418688 -18.000000 -1.045285 0.000000 -1.663294 -0.418114 -0.001720 -8.000000 0.000000 12.000000 -27.997420 4.390195 0.418688 22.390195 1.045285 0.000000 1.663294 0.418114 0.001720 -0.209057 -3.344911 2.355925 0.000000 13.017366 0.000000 0.000000 -10.000000 -0.209057 0.000000 0.000000 0.000000 0.209057 3.344911 -2.355925 0.000000 8.000000 0.000000 0.000000 -12.090569 0.209057 0.000000 0.836228 0.000000
